District Nces Id,district_name,week,learning_modality,operational_schools,student_count,city,state,zip_code
100005,Albertville City,2022-08-28T00:00:00.000,In Person,6,5824,Albertville,AL,35950
100006,Marshall County,2022-08-28T00:00:00.000,In Person,15,5764,Guntersville,AL,35976
100007,Hoover City,2022-08-28T00:00:00.000,In Person,18,14061,Hoover,AL,35243
100008,Madison City,2022-08-28T00:00:00.000,In Person,11,11695,Madison,AL,35758
100011,Leeds City,2022-08-28T00:00:00.000,In Person,4,2076,Leeds,AL,35094
100012,Boaz City,2022-08-28T00:00:00.000,In Person,5,2440,Boaz,AL,35957
100100,Arab City,2022-08-28T00:00:00.000,In Person,4,2696,Arab,AL,35016
100185,Saraland City,2022-08-28T00:00:00.000,In Person,4,3233,Saraland,AL,36571
100190,Alabaster City,2022-08-28T00:00:00.000,In Person,5,6293,Alabaster,AL,35007
100194,Pelham City,2022-08-28T00:00:00.000,In Person,4,3383,Pelham,AL,35124
100197,Acceleration Day and Evening Academy,2022-08-28T00:00:00.000,In Person,1,318,Mobile,AL,36606
100199,University Charter School,2022-08-28T00:00:00.000,In Person,1,431,Livingston,AL,35470
100210,Auburn City,2022-08-28T00:00:00.000,In Person,13,8930,Auburn,AL,36830
100240,Autauga County,2022-08-28T00:00:00.000,In Person,15,9120,Prattville,AL,36067
100270,Baldwin County,2022-08-28T00:00:00.000,In Person,46,30602,Bay Minette,AL,36507
100300,Barbour County,2022-08-28T00:00:00.000,In Person,3,703,Clayton,AL,36016
100390,Birmingham City,2022-08-28T00:00:00.000,In Person,51,22726,Birmingham,AL,35203
100420,Blount County,2022-08-28T00:00:00.000,In Person,17,7653,Oneonta,AL,35121
100480,Bullock County,2022-08-28T00:00:00.000,In Person,4,1459,Union Springs,AL,36089
100510,Butler County,2022-08-28T00:00:00.000,In Person,7,2952,Greenville,AL,36037
100540,Calhoun County,2022-08-28T00:00:00.000,In Person,19,8495,Anniston,AL,36206
100600,Chambers County,2022-08-28T00:00:00.000,In Person,11,3479,Lafayette,AL,36862
100660,Chilton County,2022-08-28T00:00:00.000,In Person,14,7831,Clanton,AL,35045
100720,Clarke County,2022-08-28T00:00:00.000,In Person,7,2362,Grove Hill,AL,36451
100750,Clay County,2022-08-28T00:00:00.000,In Person,4,1840,Ashland,AL,36251
100810,Coffee County,2022-08-28T00:00:00.000,In Person,4,2467,Elba,AL,36323
100930,Covington County,2022-08-28T00:00:00.000,In Person,9,3056,Andalusia,AL,36421
101020,Cullman County,2022-08-28T00:00:00.000,In Person,28,9349,Cullman,AL,35055
101050,Dale County,2022-08-28T00:00:00.000,In Person,8,3259,Ozark,AL,36360
101080,Daleville City,2022-08-28T00:00:00.000,In Person,3,1142,Daleville,AL,36322
101140,DeKalb County,2022-08-28T00:00:00.000,In Person,16,8973,Rainsville,AL,35986
101230,Dothan City,2022-08-28T00:00:00.000,In Person,16,8701,DOTHAN,AL,36301
101290,Elmore County,2022-08-28T00:00:00.000,In Person,16,11557,Wetumpka,AL,36092
101320,Enterprise City,2022-08-28T00:00:00.000,In Person,10,6839,Enterprise,AL,36330
101380,Etowah County,2022-08-28T00:00:00.000,In Person,24,8614,Gadsden,AL,35904
101470,Fayette County,2022-08-28T00:00:00.000,In Person,6,2230,Fayette,AL,35555
101530,Florence City,2022-08-28T00:00:00.000,In Person,9,4484,Florence,AL,35630
101590,Franklin County,2022-08-28T00:00:00.000,In Person,10,3674,Russellville,AL,35653
101640,Geneva City,2022-08-28T00:00:00.000,In Person,3,1268,Geneva,AL,36340
101680,Greene County,2022-08-28T00:00:00.000,In Person,5,1012,Eutaw,AL,35462
101730,Hartselle City,2022-08-28T00:00:00.000,In Person,6,3519,Hartselle,AL,35640
101770,Houston County,2022-08-28T00:00:00.000,In Person,12,6479,Dothan,AL,36302
101800,Huntsville City,2022-08-28T00:00:00.000,In Person,46,23882,Huntsville,AL,35801
101830,Jackson County,2022-08-28T00:00:00.000,In Person,18,5188,Scottsboro,AL,35768
101860,Jacksonville City,2022-08-28T00:00:00.000,In Person,2,1639,Jacksonville,AL,36265
101890,Jasper City,2022-08-28T00:00:00.000,In Person,5,2734,Jasper,AL,35501
101920,Jefferson County,2022-08-28T00:00:00.000,In Person,58,36359,Birmingham,AL,35209
102070,Lee County,2022-08-28T00:00:00.000,In Person,14,9508,Opelika,AL,36804
102100,Limestone County,2022-08-28T00:00:00.000,In Person,17,11042,Athens,AL,35611
102220,Madison County,2022-08-28T00:00:00.000,In Person,30,19478,Huntsville,AL,35811
102250,Marengo County,2022-08-28T00:00:00.000,In Person,3,1018,Linden,AL,36748
102310,Marion County,2022-08-28T00:00:00.000,In Person,11,3280,Hamilton,AL,35570
102350,Midfield City,2022-08-28T00:00:00.000,In Person,4,1025,Midfield,AL,35228
102370,Mobile County,2022-08-28T00:00:00.000,In Person,91,53941,Mobile,AL,36618
102430,Montgomery County,2022-08-28T00:00:00.000,In Person,52,28185,Montgomery,AL,36104
102480,Morgan County,2022-08-28T00:00:00.000,In Person,19,7616,Decatur,AL,35603
102550,Oneonta City,2022-08-28T00:00:00.000,In Person,3,1488,Oneonta,AL,35121
102580,Opelika City,2022-08-28T00:00:00.000,In Person,9,4616,Opelika,AL,36801
102670,Perry County,2022-08-28T00:00:00.000,In Person,2,1178,Marion,AL,36756
102700,Phenix City,2022-08-28T00:00:00.000,In Person,12,7449,Phenix City,AL,36867
102820,Randolph County,2022-08-28T00:00:00.000,In Person,8,2176,Wedowee,AL,36278
102880,Russell County,2022-08-28T00:00:00.000,In Person,8,3509,Phenix City,AL,36867
102970,Selma City,2022-08-28T00:00:00.000,In Person,11,2852,Selma,AL,36701
103000,Sheffield City,2022-08-28T00:00:00.000,In Person,4,1037,Sheffield,AL,35660
103030,Shelby County,2022-08-28T00:00:00.000,In Person,31,20991,Columbiana,AL,35051
103062,St Clair County,2022-08-28T00:00:00.000,In Person,20,9634,Ashville,AL,35953
103270,Tarrant City,2022-08-28T00:00:00.000,In Person,3,1285,Tarrant,AL,35217
103360,Tuscaloosa City,2022-08-28T00:00:00.000,In Person,20,10910,Tuscaloosa,AL,35401
103390,Tuscaloosa County,2022-08-28T00:00:00.000,In Person,35,19052,Tuscaloosa,AL,35403
103430,Vestavia Hills City,2022-08-28T00:00:00.000,In Person,9,7137,Vestavia Hills,AL,35216
103540,Winfield City,2022-08-28T00:00:00.000,In Person,3,1272,Winfield,AL,35594
103580,Winston County,2022-08-28T00:00:00.000,In Person,10,2292,Double Springs,AL,35553
200001,Lower Kuskokwim School District,2022-08-28T00:00:00.000,In Person,29,4245,Bethel,AK,99559
200003,Lower Yukon School District,2022-08-28T00:00:00.000,In Person,11,2027,Mountain Village,AK,99632
200007,Aleutians East Borough School District,2022-08-28T00:00:00.000,In Person,4,234,Sand Point,AK,99661
200060,Cordova City School District,2022-08-28T00:00:00.000,In Person,3,336,Cordova,AK,99574
200130,Galena City School District,2022-08-28T00:00:00.000,In Person,4,5326,Galena,AK,99741
200150,Ketchikan Gateway Borough School District,2022-08-28T00:00:00.000,In Person,9,2291,Ketchikan,AK,99901
200180,Anchorage School District,2022-08-28T00:00:00.000,In Person,97,46143,Anchorage,AK,99504
200210,Juneau Borough School District,2022-08-28T00:00:00.000,In Person,15,4725,Juneau,AK,99801
200390,Kenai Peninsula Borough School District,2022-08-28T00:00:00.000,In Person,42,8774,Soldotna,AK,99669
200450,Klawock City School District,2022-08-28T00:00:00.000,In Person,2,131,Klawock,AK,99925
200480,Kodiak Island Borough School District,2022-08-28T00:00:00.000,In Person,12,2308,Kodiak,AK,99615
200510,Matanuska-Susitna Borough School District,2022-08-28T00:00:00.000,In Person,47,19502,Palmer,AK,99645
200520,Iditarod Area School District,2022-08-28T00:00:00.000,In Person,8,320,McGrath,AK,99627
200570,Nome Public Schools,2022-08-28T00:00:00.000,In Person,4,710,Nome,AK,99762
200600,Fairbanks North Star Borough School District,2022-08-28T00:00:00.000,In Person,36,13319,Fairbanks,AK,99701
200625,Northwest Arctic Borough School District,2022-08-28T00:00:00.000,In Person,13,2097,Kotzebue,AK,99752
200660,Petersburg Borough School District,2022-08-28T00:00:00.000,In Person,3,469,Petersburg,AK,99833
200710,Southwest Region School District,2022-08-28T00:00:00.000,In Person,8,636,Dillingham,AK,99576
200720,Unalaska City School District,2022-08-28T00:00:00.000,In Person,2,412,Unalaska,AK,99685
200770,Denali Borough School District,2022-08-28T00:00:00.000,In Person,4,993,Healy,AK,99743
200775,Yukon Flats School District,2022-08-28T00:00:00.000,In Person,6,211,Ft. Yukon,AK,99740
200800,Chugach School District,2022-08-28T00:00:00.000,In Person,4,510,Anchorage,AK,99507
400001,Cave Creek Unified District (4244),2022-08-28T00:00:00.000,In Person,8,5528,SCOTTSDALE,AZ,85266
400003,Chino Valley Unified District (4474),2022-08-28T00:00:00.000,In Person,4,2368,CHINO VALLEY,AZ,86323
400004,Clarkdale-Jerome Elementary District (4486),2022-08-28T00:00:00.000,In Person,1,485,CLARKDALE,AZ,86324
400005,Salome Consolidated Elementary District (4514),2022-08-28T00:00:00.000,In Person,1,118,Salome,AZ,85348
400016,Center for Academic Success Inc. (4191),2022-08-28T00:00:00.000,In Person,5,1201,SIERRA VISTA,AZ,85635
400018,Pine Forest Education Association Inc. (4201),2022-08-28T00:00:00.000,In Person,1,261,FLAGSTAFF,AZ,86001
400023,Pinon Unified District (4390),2022-08-28T00:00:00.000,In Person,3,1105,Pinon,AZ,86510
400026,Heber-Overgaard Unified District (4392),2022-08-28T00:00:00.000,In Person,4,477,HEBER,AZ,85928
400028,Triumphant Learning Center (4225),2022-08-28T00:00:00.000,In Person,1,95,SAFFORD,AZ,85546
400033,Boys & Girls Clubs of the East Valley dba Mesa Art (4305),2022-08-28T00:00:00.000,In Person,1,231,MESA,AZ,85210
400037,Twenty First Century Charter School Inc. Bennett  (4310),2022-08-28T00:00:00.000,In Person,2,237,PHOENIX,AZ,85017
400041,Maricopa County Community College District dba Gat (4314),2022-08-28T00:00:00.000,In Person,1,276,PHOENIX,AZ,85034
400054,Villa Montessori Charter School (4339),2022-08-28T00:00:00.000,In Person,1,495,PHOENIX,AZ,85016
400057,Arizona Call-a-Teen Youth Resources Inc. (4346),2022-08-28T00:00:00.000,In Person,1,109,PHOENIX,AZ,85003
400065,Benjamin Franklin Charter School - Queen Creek (4355),2022-08-28T00:00:00.000,In Person,4,2985,QUEEN CREEK,AZ,85142
400071,Bright Beginnings School Inc. (4362),2022-08-28T00:00:00.000,In Person,1,266,CHANDLER,AZ,85224
400074,Kingman Academy Of Learning (4383),2022-08-28T00:00:00.000,In Person,4,1374,KINGMAN,AZ,86409
400081,Presidio School (4425),2022-08-28T00:00:00.000,In Person,1,431,TUCSON,AZ,85719
400082,Colorado River Union High School District (4381),2022-08-28T00:00:00.000,In Person,3,1853,BULLHEAD CITY,AZ,86442
400090,Mingus Springs Charter School (4493),2022-08-28T00:00:00.000,In Person,1,161,CHINO VALLEY,AZ,86323
400092,Franklin Phonetic Primary School Inc. (4495),2022-08-28T00:00:00.000,In Person,1,444,Prescott Valley,AZ,86314
400096,Mountain School Inc. (4203),2022-08-28T00:00:00.000,In Person,1,196,FLAGSTAFF,AZ,86005
400103,Ombudsman Educational Services Ltd.a subsidiary  (4323),2022-08-28T00:00:00.000,In Person,7,1629,Glendale,AZ,85308
400107,International Commerce Secondary Schools Inc. (4334),2022-08-28T00:00:00.000,In Person,2,378,PHOENIX,AZ,85014
400108,Humanities and Sciences Academy of the United Stat (4337),2022-08-28T00:00:00.000,In Person,2,304,PHOENIX,AZ,85014
400109,Phoenix Advantage Charter School Inc. (4338),2022-08-28T00:00:00.000,In Person,1,214,PHOENIX,AZ,85016
400112,American Leadership Academy Inc. (4348),2022-08-28T00:00:00.000,In Person,9,9984,CHANDLER,AZ,85286
400121,Accelerated Learning Center Inc. (4297),2022-08-28T00:00:00.000,In Person,1,168,PHOENIX,AZ,85028
400129,Accelerated Elementary and Secondary Schools (6364),2022-08-28T00:00:00.000,In Person,1,173,TUCSON,AZ,85745
400141,Discovery Plus Academy (6357),2022-08-28T00:00:00.000,In Person,1,115,PIMA,AZ,85543
400147,Ha:san Educational Services (6369),2022-08-28T00:00:00.000,In Person,1,127,TUCSON,AZ,85719
400150,Mexicayotl Academy Inc. (4463),2022-08-28T00:00:00.000,In Person,2,239,NOGALES,AZ,85621
400151,New Horizon School for the Performing Arts (4366),2022-08-28T00:00:00.000,In Person,1,166,MESA,AZ,85204
400154,Shonto Governing Board of Education Inc. (6353),2022-08-28T00:00:00.000,In Person,1,68,Shonto,AZ,86054
400159,Tucson Preparatory School (6374),2022-08-28T00:00:00.000,In Person,1,118,TUCSON,AZ,85705
400181,Benchmark School Inc. (10972),2022-08-28T00:00:00.000,In Person,1,445,PHOENIX,AZ,85032
400187,Stepping Stones Academy (10966),2022-08-28T00:00:00.000,In Person,1,207,PHOENIX,AZ,85086
400190,Liberty Traditional Charter School (10968),2022-08-28T00:00:00.000,In Person,2,525,PHOENIX,AZ,85031
400202,Academy of Tucson Inc. (78897),2022-08-28T00:00:00.000,In Person,3,596,TUCSON,AZ,85748
400204,Mountain Rose Academy Inc. (10879),2022-08-28T00:00:00.000,In Person,1,268,TUCSON,AZ,85741
400211,Mary Ellen Halvorson Educational Foundation. dba:  (10965),2022-08-28T00:00:00.000,In Person,1,279,PRESCOTT,AZ,86301
400212,Benson Unified School District (79226),2022-08-28T00:00:00.000,In Person,5,1336,BENSON,AZ,85602
400225,Horizon Community Learning Center Inc. (79264),2022-08-28T00:00:00.000,In Person,1,724,PHOENIX,AZ,85048
400229,Milestones Charter School (79207),2022-08-28T00:00:00.000,In Person,1,205,PHOENIX,AZ,85032
400231,James Madison Preparatory School (79063),2022-08-28T00:00:00.000,In Person,1,181,TEMPE,AZ,85283
400239,P.L.C. Charter Schools (6235),2022-08-28T00:00:00.000,In Person,1,1236,TOLLESON,AZ,85353
400241,Paragon Management Inc. (5180),2022-08-28T00:00:00.000,In Person,2,2714,SURPRISE,AZ,85388
400244,Edkey Inc. - Sequoia Charter School (6446),2022-08-28T00:00:00.000,In Person,2,861,MESA,AZ,85204
400248,Telesis Center for Learning Inc. (79218),2022-08-28T00:00:00.000,In Person,2,372,Lake Havasu City,AZ,86403
400255,Tucson Country Day School Inc. (79073),2022-08-28T00:00:00.000,In Person,1,655,TUCSON,AZ,85715
400263,Patagonia Montessori Elementary School (79069),2022-08-28T00:00:00.000,In Person,1,21,PATAGONIA,AZ,85624
400268,Juniper Tree Academy (79064),2022-08-28T00:00:00.000,In Person,1,931,YUMA,AZ,85364
400275,Highland Free School (79061),2022-08-28T00:00:00.000,In Person,1,56,TUCSON,AZ,85719
400284,Omega Alpha Academy (79503),2022-08-28T00:00:00.000,In Person,1,329,DOUGLAS,AZ,85607
400290,Pan-American Elementary Charter (79578),2022-08-28T00:00:00.000,In Person,1,767,Phoenix,AZ,85017
400295,Kingman Unified School District (79598),2022-08-28T00:00:00.000,In Person,11,7092,KINGMAN,AZ,86401
400303,North Star Charter School Inc. (79701),2022-08-28T00:00:00.000,In Person,1,1295,Phoenix,AZ,85037
400318,Aprender Tucson (79426),2022-08-28T00:00:00.000,In Person,1,253,TUCSON,AZ,85713
400343,Griffin Foundation Inc. The (79500),2022-08-28T00:00:00.000,In Person,2,204,TUCSON,AZ,85711
400366,Valley of the Sun Waldorf Education Association d (79957),2022-08-28T00:00:00.000,In Person,1,310,PHOENIX,AZ,85042
400382,CPLC Community Schools dba Toltecalli High School (80032),2022-08-28T00:00:00.000,In Person,1,159,TUCSON,AZ,85701
400388,Kaizen Education Foundation dba Skyview High Schoo (79880),2022-08-28T00:00:00.000,In Person,1,205,PHOENIX,AZ,85016
400389,Kaizen Education Foundation dba Maya High School (79882),2022-08-28T00:00:00.000,In Person,1,424,PHOENIX,AZ,85016
400390,Camelback Education Inc (79905),2022-08-28T00:00:00.000,In Person,1,528,GLENDALE,AZ,85303
400391,Vista Charter School (79907),2022-08-28T00:00:00.000,In Person,1,19,PHOENIX,AZ,85035
400394,Avondale Learning dba Precision Academy (79929),2022-08-28T00:00:00.000,In Person,1,67,PHOENIX,AZ,85035
400401,New World Educational Center (78882),2022-08-28T00:00:00.000,In Person,1,220,PHOENIX,AZ,85014
400404,Akimel O'Otham Pee Posh Charter School Inc. (78966),2022-08-28T00:00:00.000,Hybrid,1,6,COOLIDGE,AZ,85128
400427,Arizona Connections Academy Charter School Inc. (87407),2022-08-28T00:00:00.000,In Person,1,2275,GILBERT,AZ,85297
400432,Portable Practical Educational Preparation Inc. ( (87405),2022-08-28T00:00:00.000,Remote,2,4932,PHOENIX,AZ,85004
400438,Imagine Charter Elementary at Desert West Inc. (88367),2022-08-28T00:00:00.000,In Person,1,891,PHOENIX,AZ,85053
400448,Desert Sky Community School Inc. (88308),2022-08-28T00:00:00.000,In Person,1,56,TUCSON,AZ,85712
400450,Agua Fria Union High School District (4289),2022-08-28T00:00:00.000,In Person,5,8359,AVONDALE,AZ,85323
400520,Ajo Unified District (4409),2022-08-28T00:00:00.000,In Person,2,441,AJO,AZ,85321
400600,Alhambra Elementary District (4280),2022-08-28T00:00:00.000,In Person,18,12307,PHOENIX,AZ,85019
400616,New School for the Arts Middle School (80985),2022-08-28T00:00:00.000,In Person,1,79,TEMPE,AZ,85281
400680,Amphitheater Unified District (4406),2022-08-28T00:00:00.000,In Person,22,13410,TUCSON,AZ,85705
400720,Antelope Union High School District (4506),2022-08-28T00:00:00.000,In Person,2,211,Wellton,AZ,85356
400745,Legacy Traditional School - Maricopa (88360),2022-08-28T00:00:00.000,In Person,1,1282,MARICOPA,AZ,85138
400746,Eduprize Schools LLC (89412),2022-08-28T00:00:00.000,In Person,2,3632,QUEEN CREEK,AZ,85142
400754,Imagine Desert West Middle Inc. (89563),2022-08-28T00:00:00.000,In Person,1,499,PHOENIX,AZ,85053
400755,Freedom Academy Inc. (89506),2022-08-28T00:00:00.000,In Person,2,376,PHOENIX,AZ,85032
400771,Blue Adobe Project (89871),2022-08-28T00:00:00.000,In Person,1,73,TUCSON,AZ,85711
400775,San Tan Montessori School Inc. (89798),2022-08-28T00:00:00.000,In Person,1,961,GILBERT,AZ,85234
400781,Math and Science Success Academy Inc. (89852),2022-08-28T00:00:00.000,In Person,1,712,TUCSON,AZ,85705
400783,Imagine Prep Superstition Inc. (89788),2022-08-28T00:00:00.000,In Person,1,377,Apache Junction,AZ,85120
400786,West Valley Arts and Technology Academy Inc. (90036),2022-08-28T00:00:00.000,In Person,1,306,LAVEEN,AZ,85339
400787,Kaizen Education Foundation dba Vista Grove Prepar (90330),2022-08-28T00:00:00.000,In Person,1,123,PHOENIX,AZ,85016
400790,Apache Junction Unified District (4443),2022-08-28T00:00:00.000,In Person,5,3237,Apache Junction,AZ,85120
400793,Morrison Education Group Inc. (90192),2022-08-28T00:00:00.000,In Person,1,600,PHOENIX,AZ,85041
400796,CAFA Inc. dba Learning Foundation and Performing  (90328),2022-08-28T00:00:00.000,In Person,1,172,GILBERT,AZ,85296
400798,Pioneer Preparatory School (90140),2022-08-28T00:00:00.000,In Person,1,498,PHOENIX,AZ,85033
400800,The Odyssey Preparatory Academy Inc. (90287),2022-08-28T00:00:00.000,In Person,4,3562,BUCKEYE,AZ,85326
400801,Skyline Gila River Schools LLC (90329),2022-08-28T00:00:00.000,In Person,1,240,Bapchule,AZ,85121
400810,Imagine Superstition Middle Inc. (90160),2022-08-28T00:00:00.000,In Person,1,157,Apache Junction,AZ,85120
400819,Anthem Preparatory Academy (90532),2022-08-28T00:00:00.000,In Person,1,802,PHOENIX,AZ,85034
400820,Compass Points International Inc (90533),2022-08-28T00:00:00.000,In Person,1,195,PRESCOTT,AZ,86301
400824,Leading Edge Academy Maricopa (90637),2022-08-28T00:00:00.000,In Person,1,799,GILBERT,AZ,85296
400840,Arlington Elementary District (4274),2022-08-28T00:00:00.000,In Person,1,260,ARLINGTON,AZ,85322
400841,Archway Classical Academy Scottsdale (90857),2022-08-28T00:00:00.000,In Person,1,1001,PHOENIX,AZ,85034
400842,Legacy Traditional School - Northwest Tucson (91137),2022-08-28T00:00:00.000,In Person,1,1192,TUCSON,AZ,85742
400844,La Tierra Community School Inc (90900),2022-08-28T00:00:00.000,In Person,1,131,PRESCOTT,AZ,86301
400847,Legacy Traditional School - Avondale (91135),2022-08-28T00:00:00.000,In Person,1,1330,MARICOPA,AZ,85138
400855,Legacy Traditional School - Chandler (91133),2022-08-28T00:00:00.000,In Person,1,1233,CHANDLER,AZ,85286
400861,North Phoenix Preparatory Academy (90879),2022-08-28T00:00:00.000,In Person,1,488,PHOENIX,AZ,85034
400866,Archway Classical Academy Glendale (91878),2022-08-28T00:00:00.000,In Person,1,558,PHOENIX,AZ,85034
400871,Legacy Traditional School ? Laveen Village (91763),2022-08-28T00:00:00.000,In Person,1,1092,LAVEEN,AZ,85339
400877,Empower College Prep (91277),2022-08-28T00:00:00.000,In Person,2,725,PHOENIX,AZ,85015
400886,Archway Classical Academy Cicero (92314),2022-08-28T00:00:00.000,In Person,1,533,PHOENIX,AZ,85034
400888,Archway Classical Academy Arete (92312),2022-08-28T00:00:00.000,In Person,1,544,PHOENIX,AZ,85034
400890,ASU Preparatory Academy (92325),2022-08-28T00:00:00.000,In Person,1,468,PHOENIX,AZ,85006
400891,Academy of Mathematics and Science South Inc. (90878),2022-08-28T00:00:00.000,In Person,6,1882,TUCSON,AZ,85705
400892,Legacy Traditional School - Casa Grande (92199),2022-08-28T00:00:00.000,In Person,1,1275,Casa Grande,AZ,85122
400893,Hirsch Academy A Challenge Foundation (91275),2022-08-28T00:00:00.000,In Person,1,149,SCOTTSDALE,AZ,85251
400899,Legacy Traditional School - Gilbert (92047),2022-08-28T00:00:00.000,In Person,1,1128,CHANDLER,AZ,85286
400916,EAGLE College Prep Maryvale LLC (91938),2022-08-28T00:00:00.000,In Person,1,406,PHOENIX,AZ,85031
400924,Western School of Science and Technology Inc. (91937),2022-08-28T00:00:00.000,In Person,1,530,PHOENIX,AZ,85033
400927,Legacy Traditional School - Queen Creek (92610),2022-08-28T00:00:00.000,In Person,1,1342,San Tan Valley,AZ,85140
400930,Archway Classical Academy Trivium East (92704),2022-08-28T00:00:00.000,In Person,1,513,PHOENIX,AZ,85034
400933,Legacy Traditional School - Surprise (92879),2022-08-28T00:00:00.000,In Person,1,1928,SURPRISE,AZ,85379
400940,Academy of Mathematics and Science Inc. (92768),2022-08-28T00:00:00.000,In Person,1,1152,PHOENIX,AZ,85033
400944,Leman Academy of Excellence Inc. (92730),2022-08-28T00:00:00.000,In Person,6,3432,Tucson,AZ,85743
400945,Pensar Academy (92972),2022-08-28T00:00:00.000,In Person,1,248,PHOENIX,AZ,85015
400948,Legacy Traditional School - Glendale (850100),2022-08-28T00:00:00.000,In Person,1,1181,Glendale,AZ,85306
400951,Legacy Traditional School - Peoria (850099),2022-08-28T00:00:00.000,In Person,1,709,PEORIA,AZ,85383
400953,The Grande Innovation Academy (92978),2022-08-28T00:00:00.000,In Person,1,669,CASA GRANDE,AZ,85122
400956,ASU Preparatory Academy (92716),2022-08-28T00:00:00.000,In Person,1,115,Tempe,AZ,85281
400959,Legacy Traditional School - Phoenix (873957),2022-08-28T00:00:00.000,In Person,1,1429,PHOENIX,AZ,85037
400960,Avondale Elementary District (4272),2022-08-28T00:00:00.000,In Person,9,5790,AVONDALE,AZ,85323
400999,Freedom Preparatory Academy (1000979),2022-08-28T00:00:00.000,Remote,1,,GILBERT,AZ,85234
401000,Bagdad Unified District (4468),2022-08-28T00:00:00.000,In Person,3,491,Bagdad,AZ,86321
401050,Balsz Elementary District (4268),2022-08-28T00:00:00.000,In Person,5,2289,PHOENIX,AZ,85008
401160,Bicentennial Union High School District (4515),2022-08-28T00:00:00.000,In Person,1,134,Salome,AZ,85348
401180,Bisbee Unified District (4169),2022-08-28T00:00:00.000,In Person,4,696,BISBEE,AZ,85603
401290,Bouse Elementary District (4513),2022-08-28T00:00:00.000,In Person,1,35,Bouse,AZ,85325
401380,Buckeye Elementary District (4269),2022-08-28T00:00:00.000,In Person,8,5560,BUCKEYE,AZ,85326
401410,Buckeye Union High School District (4284),2022-08-28T00:00:00.000,In Person,5,4561,BUCKEYE,AZ,85326
401460,Sierra Vista Unified District (4175),2022-08-28T00:00:00.000,In Person,10,5541,SIERRA VISTA,AZ,85635
401500,Bullhead City School District (4378),2022-08-28T00:00:00.000,In Person,6,2651,BULLHEAD CITY,AZ,86442
401600,Camp Verde Unified District (4470),2022-08-28T00:00:00.000,In Person,6,1660,CAMP VERDE,AZ,86322
401650,Canon Elementary District (4484),2022-08-28T00:00:00.000,In Person,1,143,Black Canyon City,AZ,85324
401680,Cartwright Elementary District (4282),2022-08-28T00:00:00.000,In Person,21,16060,PHOENIX,AZ,85031
401710,Casa Grande Elementary District (4446),2022-08-28T00:00:00.000,In Person,13,6758,CASA GRANDE,AZ,85122
401740,Casa Grande Union High School District (4453),2022-08-28T00:00:00.000,In Person,3,3638,CASA GRANDE,AZ,85122
401760,Catalina Foothills Unified District (4410),2022-08-28T00:00:00.000,In Person,8,5508,TUCSON,AZ,85718
401870,Chandler Unified District #80 (4242),2022-08-28T00:00:00.000,In Person,44,45749,CHANDLER,AZ,85224
401940,Chinle Unified District (4158),2022-08-28T00:00:00.000,In Person,7,3334,Chinle,AZ,86503
402190,Concho Elementary District (4160),2022-08-28T00:00:00.000,In Person,1,170,Concho,AZ,85924
402220,Congress Elementary District (4479),2022-08-28T00:00:00.000,In Person,1,97,Congress,AZ,85332
402320,Coolidge Unified District (4442),2022-08-28T00:00:00.000,In Person,5,2287,COOLIDGE,AZ,85128
402370,Cottonwood-Oak Creek Elementary District (4487),2022-08-28T00:00:00.000,In Person,6,2077,COTTONWOOD,AZ,86326
402400,Crane Elementary District (4501),2022-08-28T00:00:00.000,In Person,12,6295,YUMA,AZ,85364
402430,Creighton Elementary District (4263),2022-08-28T00:00:00.000,In Person,10,5771,PHOENIX,AZ,85016
402530,Douglas Unified District (4174),2022-08-28T00:00:00.000,In Person,9,4114,DOUGLAS,AZ,85607
402600,Duncan Unified District (4228),2022-08-28T00:00:00.000,In Person,2,390,Duncan,AZ,85534
402690,Dysart Unified District (4243),2022-08-28T00:00:00.000,In Person,26,24590,SURPRISE,AZ,85374
402740,Mary C O'Brien Accommodation District (4435),2022-08-28T00:00:00.000,In Person,2,214,TOLTEC,AZ,85131
402790,Eloy Elementary District (4448),2022-08-28T00:00:00.000,In Person,3,815,ELOY,AZ,85131
402860,Flagstaff Unified District (4192),2022-08-28T00:00:00.000,In Person,16,9576,FLAGSTAFF,AZ,86004
402920,Florence Unified School District (4437),2022-08-28T00:00:00.000,In Person,14,9629,FLORENCE,AZ,85132
403010,Flowing Wells Unified District (4405),2022-08-28T00:00:00.000,In Person,11,5655,TUCSON,AZ,85705
403040,Fountain Hills Unified District (4247),2022-08-28T00:00:00.000,In Person,4,1392,FOUNTAIN HILLS,AZ,85268
403060,Fowler Elementary District (4273),2022-08-28T00:00:00.000,In Person,8,4428,PHOENIX,AZ,85043
403150,Fort Huachuca Accommodation District (4167),2022-08-28T00:00:00.000,In Person,3,910,FORT HUACHUCA,AZ,85613
403200,Fort Thomas Unified District (4221),2022-08-28T00:00:00.000,In Person,4,620,Fort Thomas,AZ,85536
403240,Gadsden Elementary District (4505),2022-08-28T00:00:00.000,In Person,9,5039,San Luis,AZ,85349
403290,Ganado Unified School District (4157),2022-08-28T00:00:00.000,In Person,4,1299,Ganado,AZ,86505
403400,Gilbert Unified District (4239),2022-08-28T00:00:00.000,In Person,39,34651,GILBERT,AZ,85234
403420,Glendale Elementary District (4271),2022-08-28T00:00:00.000,In Person,18,11721,GLENDALE,AZ,85301
403450,Glendale Union High School District (4285),2022-08-28T00:00:00.000,In Person,11,16401,GLENDALE,AZ,85301
403500,Globe Unified District (4208),2022-08-28T00:00:00.000,In Person,3,1705,GLOBE,AZ,85501
403550,Grand Canyon Unified District (4194),2022-08-28T00:00:00.000,In Person,2,286,Grand Canyon Village,AZ,86023
403730,Hayden-Winkelman Unified District (4212),2022-08-28T00:00:00.000,In Person,2,298,Winkelman,AZ,85292
403780,Higley Unified School District (4248),2022-08-28T00:00:00.000,In Person,16,13050,GILBERT,AZ,85295
403820,Holbrook Unified District (4389),2022-08-28T00:00:00.000,In Person,5,1987,Holbrook,AZ,86025
403870,Humboldt Unified District (4469),2022-08-28T00:00:00.000,In Person,11,5683,Prescott Valley,AZ,86314
403900,Hyder Elementary District (4502),2022-08-28T00:00:00.000,In Person,1,112,Dateland,AZ,85333
403950,Baboquivari Unified School District #40 (4412),2022-08-28T00:00:00.000,In Person,6,1027,Sells,AZ,85634
403960,Isaac Elementary District (4259),2022-08-28T00:00:00.000,In Person,13,6149,PHOENIX,AZ,85009
403990,J O Combs Unified School District (4445),2022-08-28T00:00:00.000,In Person,8,4567,SAN TAN VLY,AZ,85140
404060,Kayenta Unified School District #27 (4396),2022-08-28T00:00:00.000,In Person,3,1719,Kayenta,AZ,86033
404230,Kyrene Elementary District (4267),2022-08-28T00:00:00.000,In Person,26,16758,TEMPE,AZ,85284
404280,Lake Havasu Unified District (4368),2022-08-28T00:00:00.000,In Person,9,5504,Lake Havasu City,AZ,86403
404290,Laveen Elementary District (4276),2022-08-28T00:00:00.000,In Person,9,7492,LAVEEN,AZ,85339
404320,Liberty Elementary District (4266),2022-08-28T00:00:00.000,In Person,7,3804,BUCKEYE,AZ,85326
404380,Litchfield Elementary District (4281),2022-08-28T00:00:00.000,In Person,20,11859,Litchfield Park,AZ,85340
404410,Littlefield Unified District (4374),2022-08-28T00:00:00.000,In Person,2,378,BEAVER DAM,AZ,86432
404440,Littleton Elementary District (4278),2022-08-28T00:00:00.000,In Person,8,6206,AVONDALE,AZ,85323
404500,Madison Elementary District (4270),2022-08-28T00:00:00.000,In Person,8,5971,PHOENIX,AZ,85016
404570,Mammoth-San Manuel Unified District (4439),2022-08-28T00:00:00.000,In Person,3,604,SAN MANUEL,AZ,85631
404630,Marana Unified District (4404),2022-08-28T00:00:00.000,In Person,20,12796,MARANA,AZ,85653
404720,Maricopa Unified School District (4441),2022-08-28T00:00:00.000,In Person,12,7492,MARICOPA,AZ,85138
404820,Mayer Unified School District (4473),2022-08-28T00:00:00.000,In Person,2,506,MAYER,AZ,86333
404860,Mcnary Elementary District (4163),2022-08-28T00:00:00.000,In Person,1,130,McNary,AZ,85930
404920,McNeal Elementary District (4181),2022-08-28T00:00:00.000,In Person,1,53,McNeal,AZ,85617
404970,Mesa Unified District (4235),2022-08-28T00:00:00.000,In Person,78,62703,MESA,AZ,85201
405070,Mingus Union High School District (4488),2022-08-28T00:00:00.000,In Person,2,1273,COTTONWOOD,AZ,86326
405100,Mobile Elementary District (4253),2022-08-28T00:00:00.000,In Person,1,24,MARICOPA,AZ,85139
405190,Mohave Valley Elementary District (4379),2022-08-28T00:00:00.000,In Person,3,1026,MOHAVE VALLEY,AZ,86440
405220,Mohawk Valley Elementary District (4503),2022-08-28T00:00:00.000,In Person,1,141,Roll,AZ,85347
405320,Morenci Unified District (4230),2022-08-28T00:00:00.000,In Person,3,1492,MORENCI,AZ,85540
405340,Morristown Elementary District (4251),2022-08-28T00:00:00.000,In Person,1,102,Morristown,AZ,85342
405400,Murphy Elementary District (4265),2022-08-28T00:00:00.000,In Person,3,1564,PHOENIX,AZ,85009
405530,Nogales Unified District (4457),2022-08-28T00:00:00.000,In Person,11,5654,NOGALES,AZ,85621
405670,Osborn Elementary District (4262),2022-08-28T00:00:00.000,In Person,6,2854,PHOENIX,AZ,85013
405820,Page Unified District (4196),2022-08-28T00:00:00.000,In Person,6,2610,Page,AZ,86040
405850,Palo Verde Elementary District (4275),2022-08-28T00:00:00.000,In Person,1,458,Palo Verde,AZ,85343
405930,Paradise Valley Unified District (4241),2022-08-28T00:00:00.000,In Person,44,30999,PHOENIX,AZ,85032
405980,Parker Unified School District (4510),2022-08-28T00:00:00.000,In Person,6,1931,PARKER,AZ,85344
406070,Payson Unified District (4209),2022-08-28T00:00:00.000,In Person,6,2447,PAYSON,AZ,85541
406210,Pendergast Elementary District (4283),2022-08-28T00:00:00.000,In Person,12,9161,PHOENIX,AZ,85037
406250,Peoria Unified School District (4237),2022-08-28T00:00:00.000,In Person,44,37842,GLENDALE,AZ,85306
406300,Phoenix Elementary District (4256),2022-08-28T00:00:00.000,In Person,14,6239,PHOENIX,AZ,85006
406330,Phoenix Union High School District (4286),2022-08-28T00:00:00.000,In Person,19,27603,PHOENIX,AZ,85012
406580,Blue Ridge Unified School District No. 32 (4397),2022-08-28T00:00:00.000,In Person,5,1906,LAKESIDE,AZ,85929
406730,Prescott Unified District (4466),2022-08-28T00:00:00.000,In Person,8,4094,PRESCOTT,AZ,86301
406740,Sanders Unified District (4156),2022-08-28T00:00:00.000,In Person,3,713,Sanders,AZ,86512
406810,Queen Creek Unified District (4245),2022-08-28T00:00:00.000,In Person,13,9495,QUEEN CREEK,AZ,85142
406900,Red Rock Elementary District (4447),2022-08-28T00:00:00.000,In Person,1,392,Red Rock,AZ,85145
406960,San Carlos Unified District (4210),2022-08-28T00:00:00.000,In Person,5,1492,San Carlos,AZ,85550
407020,Riverside Elementary District (4257),2022-08-28T00:00:00.000,In Person,4,856,Phoenix,AZ,85043
407080,Roosevelt Elementary District (4279),2022-08-28T00:00:00.000,In Person,20,8660,PHOENIX,AZ,85042
407130,Round Valley Unified District (4155),2022-08-28T00:00:00.000,In Person,4,1350,SPRINGERVILLE,AZ,85938
407170,Saddle Mountain Unified School District (4254),2022-08-28T00:00:00.000,In Person,4,2134,TONOPAH,AZ,85354
407240,Safford Unified District (4218),2022-08-28T00:00:00.000,In Person,7,3111,SAFFORD,AZ,85546
407300,Sahuarita Unified District (4411),2022-08-28T00:00:00.000,In Person,9,6635,SAHUARITA,AZ,85629
407380,San Fernando Elementary District (4414),2022-08-28T00:00:00.000,In Person,1,16,Sasabe,AZ,85633
407520,Santa Cruz Valley Unified District (4458),2022-08-28T00:00:00.000,In Person,6,3550,RIO RICO,AZ,85648
407570,Scottsdale Unified District (4240),2022-08-28T00:00:00.000,In Person,30,22410,SCOTTSDALE,AZ,85251
407630,Seligman Unified District (4472),2022-08-28T00:00:00.000,In Person,2,119,Seligman,AZ,86337
407680,Sentinel Elementary District (4250),2022-08-28T00:00:00.000,In Person,1,34,Dateland,AZ,85333
407700,Show Low Unified District (4393),2022-08-28T00:00:00.000,In Person,8,2513,SHOW LOW,AZ,85901
407750,Deer Valley Unified District (4246),2022-08-28T00:00:00.000,In Person,40,34645,PHOENIX,AZ,85027
407820,Snowflake Unified District (4391),2022-08-28T00:00:00.000,In Person,7,2584,SNOWFLAKE,AZ,85937
407890,Somerton Elementary District (4500),2022-08-28T00:00:00.000,In Person,5,3047,Somerton,AZ,85350
407920,Sonoita Elementary District (4461),2022-08-28T00:00:00.000,In Person,1,132,ELGIN,AZ,85611
408020,St David Unified District (4173),2022-08-28T00:00:00.000,In Person,2,394,SAINT DAVID,AZ,85630
408130,Stanfield Elementary District (4451),2022-08-28T00:00:00.000,In Person,1,427,STANFIELD,AZ,85172
408170,Sunnyside Unified District (4407),2022-08-28T00:00:00.000,In Person,22,15610,TUCSON,AZ,85706
408230,Superior Unified School District (4440),2022-08-28T00:00:00.000,In Person,2,331,SUPERIOR,AZ,85173
408280,Tanque Verde Unified District (4408),2022-08-28T00:00:00.000,In Person,4,2180,TUCSON,AZ,85749
408310,Tempe School District (4258),2022-08-28T00:00:00.000,In Person,22,12219,TEMPE,AZ,85282
408340,Tempe Union High School District (4287),2022-08-28T00:00:00.000,In Person,8,13174,TEMPE,AZ,85283
408410,Thatcher Unified District (4219),2022-08-28T00:00:00.000,In Person,4,1795,THATCHER,AZ,85552
408430,Paloma School District (4255),2022-08-28T00:00:00.000,In Person,1,128,GILA BEND,AZ,85337
408490,Tolleson Elementary District (4264),2022-08-28T00:00:00.000,In Person,4,3148,TOLLESON,AZ,85353
408520,Tolleson Union High School District (4288),2022-08-28T00:00:00.000,In Person,8,12496,TOLLESON,AZ,85353
408680,Tuba City Unified School District #15 (4197),2022-08-28T00:00:00.000,In Person,6,1532,Tuba City,AZ,86045
408800,Tucson Unified District (4403),2022-08-28T00:00:00.000,In Person,90,45036,TUCSON,AZ,85719
408820,Union Elementary District (4277),2022-08-28T00:00:00.000,In Person,3,1879,TOLLESON,AZ,85353
408850,Vail Unified District (4413),2022-08-28T00:00:00.000,In Person,23,13792,Vail,AZ,85641
408880,Valentine Elementary District (4380),2022-08-28T00:00:00.000,In Person,1,93,Truxton,AZ,86434
409060,Washington Elementary School District (4260),2022-08-28T00:00:00.000,In Person,32,23286,GLENDALE,AZ,85304
409090,Wellton Elementary District (4504),2022-08-28T00:00:00.000,In Person,1,189,WELLTON,AZ,85356
409120,Wenden Elementary District (4512),2022-08-28T00:00:00.000,In Person,1,100,Wenden,AZ,85357
409160,Whiteriver Unified District (4394),2022-08-28T00:00:00.000,In Person,5,2344,Whiteriver,AZ,85941
409190,Wickenburg Unified District (4236),2022-08-28T00:00:00.000,In Person,5,1415,WICKENBURG,AZ,85390
409250,Willcox Unified District (4170),2022-08-28T00:00:00.000,In Person,3,1064,WILLCOX,AZ,85643
409390,Wilson Elementary District (4261),2022-08-28T00:00:00.000,In Person,2,1165,PHOENIX,AZ,85008
409430,Window Rock Unified District (4154),2022-08-28T00:00:00.000,In Person,6,1937,Fort Defiance,AZ,86504
409460,Winslow Unified District (4387),2022-08-28T00:00:00.000,In Person,5,2020,WINSLOW,AZ,86047
409540,Young Elementary District (4213),2022-08-28T00:00:00.000,In Person,2,43,Young,AZ,85554
409570,Yucca Elementary District (4377),2022-08-28T00:00:00.000,In Person,1,29,Yucca,AZ,86438
409600,Yuma Elementary District (4499),2022-08-28T00:00:00.000,In Person,19,9009,Yuma,AZ,85364
409630,Yuma Union High School District (4507),2022-08-28T00:00:00.000,In Person,7,11303,YUMA,AZ,85364
500001,DEWITT SCHOOL DISTRICT,2022-08-28T00:00:00.000,In Person,4,1225,DEWITT,AR,72042
500015,SHERIDAN SCHOOL DISTRICT,2022-08-28T00:00:00.000,In Person,7,4229,SHERIDAN,AR,72150
500017,PARAGOULD SCHOOL DISTRICT,2022-08-28T00:00:00.000,In Person,7,3255,PARAGOULD,AR,72450
500021,IZARD CO. CONS. SCHOOL DIST.,2022-08-28T00:00:00.000,In Person,3,556,BROCKWELL,AR,72517
500026,PINE BLUFF SCHOOL DISTRICT,2022-08-28T00:00:00.000,In Person,6,3059,PINE BLUFF,AR,71601
500029,GOSNELL SCHOOL DISTRICT,2022-08-28T00:00:00.000,In Person,2,1215,GOSNELL,AR,72315
500032,BEARDEN SCHOOL DISTRICT,2022-08-28T00:00:00.000,In Person,2,488,BEARDEN,AR,71720
500042,HAMBURG SCHOOL DISTRICT,2022-08-28T00:00:00.000,In Person,5,1836,HAMBURG,AR,71646
500043,MOUNTAIN HOME SCHOOL DISTRICT,2022-08-28T00:00:00.000,In Person,5,3992,MOUNTAIN HOME,AR,72653
500044,MAGNOLIA SCHOOL DISTRICT,2022-08-28T00:00:00.000,In Person,5,2788,MAGNOLIA,AR,71753
500046,MANILA SCHOOL DISTRICT,2022-08-28T00:00:00.000,In Person,2,1111,MANILA,AR,72442
500047,TRUMANN SCHOOL DISTRICT,2022-08-28T00:00:00.000,In Person,3,1543,TRUMANN,AR,72472
500055,BENTON COUNTY SCHOOL OF ARTS,2022-08-28T00:00:00.000,In Person,2,1113,ROGERS,AR,72756
500059,ACADEMICS PLUS CHARTER SCHOOL,2022-08-28T00:00:00.000,In Person,3,1552,MAUMELLE,AR,72113
500061,IMBODEN CHARTER SCHOOL DISTRICT,2022-08-28T00:00:00.000,In Person,1,58,IMBODEN,AR,72434
500065,LAFAYETTE COUNTY SCHOOL DISTRICT,2022-08-28T00:00:00.000,In Person,2,545,LEWISVILLE,AR,71845
500071,HILLCREST SCHOOL DISTRICT,2022-08-28T00:00:00.000,In Person,2,471,STRAWBERRY,AR,72469
500073,OUACHITA RIVER SCHOOL DISTRICT,2022-08-28T00:00:00.000,In Person,3,763,MENA,AR,71953
500074,LISA ACADEMY CHARTER,2022-08-28T00:00:00.000,In Person,7,2825,Little Rock,AR,72205
500076,OZARK MOUNTAIN SCHOOL DISTRICT,2022-08-28T00:00:00.000,In Person,3,620,ST JOE,AR,72675
500082,LAWRENCE COUNTY SCHOOL DISTRICT,2022-08-28T00:00:00.000,In Person,2,1002,WALNUT RIDGE,AR,72476
500398,ESTEM HIGH CHARTER,2022-08-28T00:00:00.000,In Person,5,3202,LITTLE ROCK,AR,72201
500402,JACKSONVILLE LIGHTHOUSE CHARTER,2022-08-28T00:00:00.000,In Person,3,857,LITTLE ROCK,AR,72076
500405,COSSATOT RIVER SCHOOL DISTRICT,2022-08-28T00:00:00.000,In Person,4,967,WICKES,AR,71973
500413,CAPITOL CITY LIGHTHOUSE ACADEMY,2022-08-28T00:00:00.000,In Person,1,164,NORTH LITTLE ROCK,AR,72214
500418,FUTURE SCHOOL OF FORT SMITH,2022-08-28T00:00:00.000,In Person,1,226,FORT SMITH,AR,72917
500419,JACKSONVILLE NORTH PULASKI SCHOOL DISTRICT,2022-08-28T00:00:00.000,In Person,8,4314,JACKSONVILLE,AR,72076
500420,THE EXCEL CENTER,2022-08-28T00:00:00.000,In Person,1,93,LITTLE ROCK,AR,72209
500423,FRIENDSHIP ASPIRE ACADEMY PINE BLUFF,2022-08-28T00:00:00.000,In Person,1,239,PINE BLUFF,AR,71603
500424,FRIENDSHIP ASPIRE ACADEMY LITTLE ROCK,2022-08-28T00:00:00.000,In Person,2,231,LITTLE ROCK,AR,72204
502250,ALMA SCHOOL DISTRICT,2022-08-28T00:00:00.000,In Person,4,3297,ALMA,AR,72921
502280,ALPENA SCHOOL DISTRICT,2022-08-28T00:00:00.000,In Person,2,514,ALPENA,AR,72611
502580,ASHDOWN SCHOOL DISTRICT,2022-08-28T00:00:00.000,In Person,3,1406,ASHDOWN,AR,71822
502820,BAY SCHOOL DISTRICT,2022-08-28T00:00:00.000,In Person,2,621,BAY,AR,72411
502880,BEEBE SCHOOL DISTRICT,2022-08-28T00:00:00.000,In Person,5,3356,BEEBE,AR,72012
502960,BENTON SCHOOL DISTRICT,2022-08-28T00:00:00.000,In Person,7,5648,BENTON,AR,72015
503030,PEA RIDGE SCHOOL DISTRICT,2022-08-28T00:00:00.000,In Person,5,2271,PEA RIDGE,AR,72751
503060,BENTONVILLE SCHOOL DISTRICT,2022-08-28T00:00:00.000,In Person,23,17848,BENTONVILLE,AR,72712
503150,BERRYVILLE SCHOOL DISTRICT,2022-08-28T00:00:00.000,In Person,4,1880,BERRYVILLE,AR,72616
503240,BISMARCK SCHOOL DISTRICT,2022-08-28T00:00:00.000,In Person,3,1017,BISMARCK,AR,71929
503300,BLEVINS SCHOOL DISTRICT,2022-08-28T00:00:00.000,In Person,2,524,BLEVINS,AR,71825
503420,LEAD HILL SCHOOL DISTRICT,2022-08-28T00:00:00.000,In Person,2,361,LEAD HILL,AR,72644
503450,BOONEVILLE SCHOOL DISTRICT,2022-08-28T00:00:00.000,In Person,3,1272,BOONEVILLE,AR,72927
503630,BRINKLEY SCHOOL DISTRICT,2022-08-28T00:00:00.000,In Person,2,511,BRINKLEY,AR,72021
503640,BROOKLAND SCHOOL DISTRICT,2022-08-28T00:00:00.000,In Person,4,2816,BROOKLAND,AR,72417
503690,BRYANT SCHOOL DISTRICT,2022-08-28T00:00:00.000,In Person,12,9459,BRYANT,AR,72022
503750,CABOT SCHOOL DISTRICT,2022-08-28T00:00:00.000,In Person,16,10851,CABOT,AR,72023
504020,WESTSIDE CONS. SCHOOL DISTRICT,2022-08-28T00:00:00.000,In Person,3,1814,JONESBORO,AR,72404
504350,CLARENDON SCHOOL DISTRICT,2022-08-28T00:00:00.000,In Person,2,434,CLARENDON,AR,72029
504370,RECTOR SCHOOL DISTRICT,2022-08-28T00:00:00.000,In Person,2,630,RECTOR,AR,72461
504590,CONWAY SCHOOL DISTRICT,2022-08-28T00:00:00.000,In Person,17,10393,CONWAY,AR,72034
504680,COTTER SCHOOL DISTRICT,2022-08-28T00:00:00.000,In Person,2,801,COTTER,AR,72626
504800,CROSSETT SCHOOL DISTRICT,2022-08-28T00:00:00.000,In Person,3,1780,CROSSETT,AR,71635
504890,DANVILLE SCHOOL DISTRICT,2022-08-28T00:00:00.000,In Person,3,861,DANVILLE,AR,72833
505500,DUMAS SCHOOL DISTRICT,2022-08-28T00:00:00.000,In Person,4,1207,DUMAS,AR,71639
505550,EARLE SCHOOL DISTRICT,2022-08-28T00:00:00.000,In Person,2,540,EARLE,AR,72331
505760,ELKINS SCHOOL DISTRICT,2022-08-28T00:00:00.000,In Person,4,1290,ELKINS,AR,72727
506060,CAMDEN FAIRVIEW SCHOOL DIST.,2022-08-28T00:00:00.000,In Person,5,2387,CAMDEN,AR,71701
506090,FARMINGTON SCHOOL DISTRICT,2022-08-28T00:00:00.000,In Person,5,2556,FARMINGTON,AR,72730
506120,FAYETTEVILLE SCHOOL DISTRICT,2022-08-28T00:00:00.000,In Person,16,10628,FAYETTEVILLE,AR,72701
506240,FOREMAN SCHOOL DISTRICT,2022-08-28T00:00:00.000,In Person,2,496,FOREMAN,AR,71836
506270,FORREST CITY SCHOOL DISTRICT,2022-08-28T00:00:00.000,In Person,5,2495,FORREST CITY,AR,72335
506330,FORT SMITH SCHOOL DISTRICT,2022-08-28T00:00:00.000,In Person,26,14748,FORT SMITH,AR,72901
506360,FOUKE SCHOOL DISTRICT,2022-08-28T00:00:00.000,In Person,3,1169,FOUKE,AR,71837
506420,FOUNTAIN LAKE SCHOOL DISTRICT,2022-08-28T00:00:00.000,In Person,3,1407,HOT SPRINGS,AR,71901
506540,GENTRY SCHOOL DISTRICT,2022-08-28T00:00:00.000,In Person,4,1466,GENTRY,AR,72734
506630,GLEN ROSE SCHOOL DISTRICT,2022-08-28T00:00:00.000,In Person,3,1063,MALVERN,AR,72104
506840,GRAVETTE SCHOOL DISTRICT,2022-08-28T00:00:00.000,In Person,4,1956,GRAVETTE,AR,72736
506900,GREENBRIER SCHOOL DISTRICT,2022-08-28T00:00:00.000,In Person,7,3613,GREENBRIER,AR,72058
506930,GREENLAND SCHOOL DISTRICT,2022-08-28T00:00:00.000,In Person,3,753,GREENLAND,AR,72737
506990,GREENWOOD SCHOOL DISTRICT,2022-08-28T00:00:00.000,In Person,6,3833,GREENWOOD,AR,72936
507110,GURDON SCHOOL DISTRICT,2022-08-28T00:00:00.000,In Person,3,723,GURDON,AR,71743
507170,HACKETT SCHOOL DISTRICT,2022-08-28T00:00:00.000,In Person,2,776,HACKETT,AR,72937
507350,HARRISBURG SCHOOL DISTRICT,2022-08-28T00:00:00.000,In Person,4,1129,HARRISBURG,AR,72432
507380,HARRISON SCHOOL DISTRICT,2022-08-28T00:00:00.000,In Person,5,2727,HARRISON,AR,72601
507680,HELENA/ W.HELENA SCHOOL DIST.,2022-08-28T00:00:00.000,In Person,2,1228,HELENA,AR,72342
507840,HOPE SCHOOL DISTRICT,2022-08-28T00:00:00.000,In Person,6,2408,HOPE,AR,71801
507890,HOT SPRINGS SCHOOL DISTRICT,2022-08-28T00:00:00.000,In Person,6,3708,HOT SPRINGS,AR,71913
507990,HOXIE SCHOOL DISTRICT,2022-08-28T00:00:00.000,In Person,2,859,HOXIE,AR,72433
508040,WEST MEMPHIS SCHOOL DISTRICT,2022-08-28T00:00:00.000,In Person,10,5304,WEST MEMPHIS,AR,72301
508280,JONESBORO SCHOOL DISTRICT,2022-08-28T00:00:00.000,In Person,11,6719,JONESBORO,AR,72401
508400,RIVERVIEW SCHOOL DISTRICT,2022-08-28T00:00:00.000,In Person,4,1232,SEARCY,AR,72143
508610,LAKE HAMILTON SCHOOL DISTRICT,2022-08-28T00:00:00.000,In Person,6,4467,PEARCY,AR,71964
508670,LAKESIDE SCHOOL DISTRICT,2022-08-28T00:00:00.000,In Person,4,3570,HOT SPRINGS,AR,71901
508700,LAMAR SCHOOL DISTRICT,2022-08-28T00:00:00.000,In Person,3,1396,LAMAR,AR,72846
509000,LITTLE ROCK SCHOOL DISTRICT,2022-08-28T00:00:00.000,In Person,43,23237,LITTLE ROCK,AR,72201
509060,LONOKE SCHOOL DISTRICT,2022-08-28T00:00:00.000,In Person,4,1725,LONOKE,AR,72086
509150,MAGAZINE SCHOOL DISTRICT,2022-08-28T00:00:00.000,In Person,2,590,MAGAZINE,AR,72943
509190,MAGNET COVE SCHOOL DIST.,2022-08-28T00:00:00.000,In Person,2,753,MALVERN,AR,72104
509240,MALVERN SCHOOL DISTRICT,2022-08-28T00:00:00.000,In Person,4,2009,MALVERN,AR,72104
509330,MANSFIELD SCHOOL DISTRICT,2022-08-28T00:00:00.000,In Person,3,757,MANSFIELD,AR,72944
509390,MARION SCHOOL DISTRICT,2022-08-28T00:00:00.000,In Person,5,4021,MARION,AR,72364
509510,MARVELL SCHOOL DISTRICT,2022-08-28T00:00:00.000,In Person,2,364,MARVELL,AR,72366
509540,MAYFLOWER SCHOOL DISTRICT,2022-08-28T00:00:00.000,In Person,3,1085,MAYFLOWER,AR,72106
509720,MELBOURNE SCHOOL DISTRICT,2022-08-28T00:00:00.000,In Person,2,931,MELBOURNE,AR,72556
510260,MOUNTAINBURG SCHOOL DISTRICT,2022-08-28T00:00:00.000,In Person,3,659,MOUNTAINBURG,AR,72946
510290,MULBERRY SCHOOL DISTRICT,2022-08-28T00:00:00.000,In Person,3,461,MULBERRY,AR,72947
510440,NETTLETON SCHOOL DISTRICT,2022-08-28T00:00:00.000,In Person,7,3717,JONESBORO,AR,72401
510680,N. LITTLE ROCK SCHOOL DISTRICT,2022-08-28T00:00:00.000,In Person,14,8681,NORTH LITTLE ROCK,AR,72114
510920,OMAHA SCHOOL DISTRICT,2022-08-28T00:00:00.000,In Person,2,435,OMAHA,AR,72662
510980,OUACHITA SCHOOL DISTRICT,2022-08-28T00:00:00.000,In Person,2,549,DONALDSON,AR,71941
511130,PARIS SCHOOL DISTRICT,2022-08-28T00:00:00.000,In Person,3,1072,PARIS,AR,72855
511220,PARKERS CHAPEL SCHOOL DIST.,2022-08-28T00:00:00.000,In Person,2,881,EL DORADO,AR,71730
511610,POCAHONTAS SCHOOL DISTRICT,2022-08-28T00:00:00.000,In Person,4,2122,POCAHONTAS,AR,72455
511700,POTTSVILLE SCHOOL DISTRICT,2022-08-28T00:00:00.000,In Person,4,1762,POTTSVILLE,AR,72858
511730,POYEN SCHOOL DISTRICT,2022-08-28T00:00:00.000,In Person,2,602,POYEN,AR,72128
511760,PRAIRIE GROVE SCHOOL DISTRICT,2022-08-28T00:00:00.000,In Person,4,2058,PRAIRIE GROVE,AR,72753
511850,PULASKI CO. SPEC. SCHOOL DIST.,2022-08-28T00:00:00.000,In Person,24,12274,LITTLE ROCK,AR,72216
511970,ROGERS SCHOOL DISTRICT,2022-08-28T00:00:00.000,In Person,23,16053,ROGERS,AR,72756
512060,RUSSELLVILLE SCHOOL DISTRICT,2022-08-28T00:00:00.000,In Person,10,5439,RUSSELLVILLE,AR,72801
512180,SCRANTON SCHOOL DISTRICT,2022-08-28T00:00:00.000,In Person,2,450,SCRANTON,AR,72863
512210,SEARCY SCHOOL DISTRICT,2022-08-28T00:00:00.000,In Person,6,4017,SEARCY,AR,72143
512420,SHIRLEY SCHOOL DISTRICT,2022-08-28T00:00:00.000,In Person,2,350,SHIRLEY,AR,72153
512450,SILOAM SPRINGS SCHOOL DISTRICT,2022-08-28T00:00:00.000,In Person,6,4511,SILOAM SPRINGS,AR,72761
512510,SMACKOVER SCHOOL DISTRICT,2022-08-28T00:00:00.000,In Person,3,1143,SMACKOVER,AR,71762
512520,SO. CONWAY CO. SCHOOL DISTRICT,2022-08-28T00:00:00.000,In Person,5,2362,MORRILTON,AR,72110
512540,SOUTHSIDE SCHOOL DISTRICT,2022-08-28T00:00:00.000,In Person,4,2242,BATESVILLE,AR,72501
512570,SOUTH SIDE SCHOOL DISTRICT,2022-08-28T00:00:00.000,In Person,2,536,BEE BRANCH,AR,72013
512660,SPRINGDALE SCHOOL DISTRICT,2022-08-28T00:00:00.000,In Person,29,23470,SPRINGDALE,AR,72764
512930,STRONG-HUTTIG SCHOOL DISTRICT,2022-08-28T00:00:00.000,In Person,1,304,STRONG,AR,71765
513080,GREENE CO. TECH SCHOOL DIST.,2022-08-28T00:00:00.000,In Person,6,3844,PARAGOULD,AR,72450
513110,TEXARKANA SCHOOL DISTRICT,2022-08-28T00:00:00.000,In Person,8,4070,TEXARKANA,AR,71854
513350,VALLEY SPRINGS SCHOOL DISTRICT,2022-08-28T00:00:00.000,In Person,3,885,VALLEY SPRINGS,AR,72682
513380,VALLEY VIEW SCHOOL DISTRICT,2022-08-28T00:00:00.000,In Person,4,2965,JONESBORO,AR,72404
513410,VAN BUREN SCHOOL DISTRICT,2022-08-28T00:00:00.000,In Person,11,5737,VAN BUREN,AR,72956
513530,VILONIA SCHOOL DISTRICT,2022-08-28T00:00:00.000,In Person,5,3160,VILONIA,AR,72173
514140,WHITE HALL SCHOOL DISTRICT,2022-08-28T00:00:00.000,In Person,6,2970,WHITE HALL,AR,71602
514430,WYNNE SCHOOL DISTRICT,2022-08-28T00:00:00.000,In Person,4,2635,WYNNE,AR,72396
600001,Acton-Agua Dulce Unified,2022-08-28T00:00:00.000,In Person,3,1042,Acton,CA,93510
600012,Twin Ridges Elementary,2022-08-28T00:00:00.000,In Person,3,99,Nevada City,CA,95959
600013,Rocklin Unified,2022-08-28T00:00:00.000,In Person,17,12160,Rocklin,CA,95677
600014,Hesperia Unified,2022-08-28T00:00:00.000,In Person,25,22060,Hesperia,CA,92345
600016,Upland Unified,2022-08-28T00:00:00.000,In Person,14,10580,Upland,CA,91786
600017,Apple Valley Unified,2022-08-28T00:00:00.000,In Person,14,13303,Apple Valley,CA,92308
600019,Dublin Unified,2022-08-28T00:00:00.000,In Person,14,12575,Dublin,CA,94568
600020,Pleasanton Unified,2022-08-28T00:00:00.000,In Person,16,14878,Pleasanton,CA,94566
600021,Sunol Glen Unified,2022-08-28T00:00:00.000,In Person,1,291,Sunol,CA,94586
600022,Mendota Unified,2022-08-28T00:00:00.000,In Person,7,3670,Mendota,CA,93640
600025,Manhattan Beach Unified,2022-08-28T00:00:00.000,In Person,8,6524,Manhattan Beach,CA,90266
600026,El Tejon Unified,2022-08-28T00:00:00.000,In Person,3,754,Lebec,CA,93243
600027,Lake Elsinore Unified,2022-08-28T00:00:00.000,In Person,25,21065,Lake Elsinore,CA,92530
600028,Temecula Valley Unified,2022-08-28T00:00:00.000,In Person,28,27979,Temecula,CA,92592
600029,Murrieta Valley Unified,2022-08-28T00:00:00.000,In Person,20,23470,Murrieta,CA,92562
600032,Redondo Beach Unified,2022-08-28T00:00:00.000,In Person,13,10123,Redondo Beach,CA,90278
600034,Windsor Unified,2022-08-28T00:00:00.000,In Person,8,4898,Windsor,CA,95492
600035,Farmersville Unified,2022-08-28T00:00:00.000,In Person,6,2530,Farmersville,CA,93223
600036,Natomas Unified,2022-08-28T00:00:00.000,In Person,18,13767,Sacramento,CA,95834
600037,Ferndale Unified,2022-08-28T00:00:00.000,In Person,2,455,Ferndale,CA,95536
600039,Delhi Unified,2022-08-28T00:00:00.000,In Person,5,2580,Delhi,CA,95315
600040,Riverdale Joint Unified,2022-08-28T00:00:00.000,In Person,4,1559,Riverdale,CA,93656
600043,Scotts Valley Unified,2022-08-28T00:00:00.000,In Person,4,2445,Scotts Valley,CA,95066
600044,Healdsburg Unified,2022-08-28T00:00:00.000,In Person,4,1414,Healdsburg,CA,95448
600045,Orland Joint Unified,2022-08-28T00:00:00.000,In Person,6,2231,Orland,CA,95963
600046,Gonzales Unified,2022-08-28T00:00:00.000,In Person,3,2344,Gonzales,CA,93926
600047,Tracy Joint Unified,2022-08-28T00:00:00.000,In Person,20,14548,Tracy,CA,95376
600048,Paso Robles Joint Unified,2022-08-28T00:00:00.000,In Person,12,6869,Paso Robles,CA,93446
600049,Coast Unified,2022-08-28T00:00:00.000,In Person,4,582,Cambria,CA,93428
600051,Gridley Unified,2022-08-28T00:00:00.000,In Person,5,2087,Gridley,CA,95948
600052,Eureka City Schools,2022-08-28T00:00:00.000,In Person,8,3674,Eureka,CA,95501
600060,Hughson Unified,2022-08-28T00:00:00.000,In Person,6,2095,Hughson,CA,95326
600061,Riverbank Unified,2022-08-28T00:00:00.000,In Person,6,3012,Riverbank,CA,95367
600062,Oakdale Joint Unified,2022-08-28T00:00:00.000,In Person,9,5420,Oakdale,CA,95361
600064,Porterville Unified,2022-08-28T00:00:00.000,In Person,22,14514,Porterville,CA,93257
600065,Dinuba Unified,2022-08-28T00:00:00.000,In Person,10,6670,Dinuba,CA,93618
600067,Caruthers Unified,2022-08-28T00:00:00.000,In Person,3,1548,Caruthers,CA,93609
600069,Valley Center-Pauma Unified,2022-08-28T00:00:00.000,In Person,8,3956,Valley Center,CA,92082
600116,Chawanakee Unified,2022-08-28T00:00:00.000,In Person,8,1423,O'Neals,CA,93645
600153,Alhambra Unified,2022-08-28T00:00:00.000,In Person,18,16278,Alhambra,CA,91803
600158,Turlock Unified,2022-08-28T00:00:00.000,In Person,14,14021,Turlock,CA,95380
600160,Yosemite Unified,2022-08-28T00:00:00.000,In Person,9,1528,Oakhurst,CA,93644
601331,Trinity Alps Unified,2022-08-28T00:00:00.000,In Person,4,679,Weaverville,CA,96093
601332,Twin Rivers Unified,2022-08-28T00:00:00.000,In Person,44,25340,McClellan,CA,95652
601339,Hamilton Unified,2022-08-28T00:00:00.000,In Person,4,694,Hamilton City,CA,95951
601410,Lammersville Joint Unified,2022-08-28T00:00:00.000,In Person,8,5919,Mountain House,CA,95391
601414,Santa Barbara Unified,2022-08-28T00:00:00.000,In Person,21,13490,Santa Barbara,CA,93101
601418,Woodlake Unified,2022-08-28T00:00:00.000,In Person,6,2117,Woodlake,CA,93286
601421,Santa Paula Unified,2022-08-28T00:00:00.000,In Person,9,5153,Santa Paula,CA,93060
601423,Exeter Unified,2022-08-28T00:00:00.000,In Person,7,2722,Exeter,CA,93221
601426,Bonsall Unified,2022-08-28T00:00:00.000,In Person,5,2472,Bonsall,CA,92003
601428,Wiseburn Unified,2022-08-28T00:00:00.000,In Person,5,2506,El Segundo,CA,90245
601488,Palisades Charter High District,2022-08-28T00:00:00.000,In Person,1,3042,Pacific Palisades,CA,90272
601507,ISANA Himalia Academy District,2022-08-28T00:00:00.000,In Person,1,718,Los Angeles,CA,90037
601508,Valley Life Charter District,2022-08-28T00:00:00.000,In Person,1,669,Visalia,CA,93277
601517,Compass Charter Schools of San Diego District,2022-08-28T00:00:00.000,In Person,1,1239,Thousand Oaks,CA,91361
601535,Intellectual Virtues Academy District,2022-08-28T00:00:00.000,In Person,1,121,Long Beach,CA,90813
601541,ISANA Palmati Academy District,2022-08-28T00:00:00.000,In Person,1,384,North Hollywood,CA,91606
601544,KIPP Comienza Community Prep District,2022-08-28T00:00:00.000,In Person,1,1025,Huntington Park,CA,90255
601545,Keiller Leadership Academy District,2022-08-28T00:00:00.000,In Person,1,638,San Diego,CA,92114
601553,Aspire Centennial College Preparatory Academy District,2022-08-28T00:00:00.000,In Person,1,538,Huntington Park,CA,90255
601586,Valley Charter Elementary District,2022-08-28T00:00:00.000,In Person,1,274,North Hills,CA,91343
601590,Heartland Charter District,2022-08-28T00:00:00.000,In Person,1,4171,Maricopa,CA,93252
601596,Birmingham Community Charter High District,2022-08-28T00:00:00.000,In Person,1,3061,Lake Balboa,CA,91406
601611,Orange County Workforce Innovation High District,2022-08-28T00:00:00.000,In Person,1,222,Anaheim,CA,92801
601620,ABC Unified,2022-08-28T00:00:00.000,In Person,30,20269,Cerritos,CA,90703
601622,High Tech Middle North County District,2022-08-28T00:00:00.000,In Person,1,333,San Marcos,CA,92078
601650,Acalanes Union High,2022-08-28T00:00:00.000,In Person,5,5635,Lafayette,CA,94549
601656,Downtown College Prep - Alum Rock District,2022-08-28T00:00:00.000,In Person,1,714,San Jose,CA,95122
601661,eCademy Charter at Crane District,2022-08-28T00:00:00.000,In Person,1,138,Turlock,CA,95380
601665,Chico Country Day District,2022-08-28T00:00:00.000,In Person,1,555,Chico,CA,95928
601670,Richmond Charter Elementary-Benito Juarez District,2022-08-28T00:00:00.000,In Person,1,488,Richmond,CA,94804
601689,Pivot Charter School - San Diego II District,2022-08-28T00:00:00.000,In Person,1,121,San Marcos,CA,92078
601696,KIPP Compton Community District,2022-08-28T00:00:00.000,In Person,1,228,Los Angeles,CA,90061
601708,Environmental Charter Middle District,2022-08-28T00:00:00.000,In Person,1,349,Gardena,CA,90247
601710,Adelanto Elementary,2022-08-28T00:00:00.000,In Person,15,8208,Adelanto,CA,92301
601713,Los Angeles College Prep Academy District,2022-08-28T00:00:00.000,In Person,1,113,Los Angeles,CA,90042
601715,Vista Norte Public Charter District,2022-08-28T00:00:00.000,In Person,1,493,Rialto,CA,92376
601716,California Virtual Academy @ Los Angeles District,2022-08-28T00:00:00.000,In Person,1,3684,Simi Valley,CA,93065
601719,Manzanita Public Charter District,2022-08-28T00:00:00.000,In Person,1,424,Vandenberg Air Force Base,CA,93437
601731,ICEF View Park Preparatory High District,2022-08-28T00:00:00.000,In Person,1,489,Los Angeles,CA,90043
601738,REACH Leadership STEAM Academy District,2022-08-28T00:00:00.000,In Person,1,604,Riverside,CA,92507
601756,River Islands Technology Academy II District,2022-08-28T00:00:00.000,In Person,1,923,Lathrop,CA,95330
601758,El Sol Santa Ana Science and Arts Academy District,2022-08-28T00:00:00.000,In Person,1,920,Santa Ana,CA,92701
601764,KIPP Raices Academy District,2022-08-28T00:00:00.000,In Person,1,586,Los Angeles,CA,90022
601770,Alameda Unified,2022-08-28T00:00:00.000,In Person,16,9372,Alameda,CA,94501
601773,Plumas Charter District,2022-08-28T00:00:00.000,In Person,1,326,Quincy,CA,95971
601777,ISANA Achernar Academy District,2022-08-28T00:00:00.000,In Person,1,491,Compton,CA,90222
601790,Compass Charter Schools of Los Angeles District,2022-08-28T00:00:00.000,In Person,1,844,Thousand Oaks,CA,91361
601793,Rocketship Redwood City District,2022-08-28T00:00:00.000,In Person,1,286,Redwood City,CA,94061
601800,High Tech Middle Chula Vista District,2022-08-28T00:00:00.000,In Person,1,340,Chula Vista,CA,91915
601809,San Diego Cooperative Charter District,2022-08-28T00:00:00.000,In Person,1,649,San Diego,CA,92111
601812,REACH District,2022-08-28T00:00:00.000,In Person,1,121,Sebastopol,CA,95472
601826,Aspire Vanguard College Preparatory Academy District,2022-08-28T00:00:00.000,In Person,1,503,Modesto,CA,95351
601827,Bay Area Technology District,2022-08-28T00:00:00.000,In Person,1,289,Oakland,CA,94605
601843,CORE Butte Charter District,2022-08-28T00:00:00.000,In Person,1,841,Chico,CA,95928
601844,New West Charter District,2022-08-28T00:00:00.000,In Person,1,1002,Los Angeles,CA,90025
601847,Mirus Secondary District,2022-08-28T00:00:00.000,In Person,1,251,Hesperia,CA,92345
601850,Port of Los Angeles High District,2022-08-28T00:00:00.000,In Person,1,955,San Pedro,CA,90731
601851,California Connections Academy Southern California District,2022-08-28T00:00:00.000,In Person,1,4039,San Juan Capistrano,CA,92675
601855,Audeo Charter II District,2022-08-28T00:00:00.000,Hybrid,1,188,Oceanside,CA,92056
601857,Aspire Ollin University Preparatory Academy District,2022-08-28T00:00:00.000,In Person,1,558,Huntington Park,CA,90255
601860,Albany City Unified,2022-08-28T00:00:00.000,In Person,6,3586,Berkeley,CA,94710
601883,Endeavor College Preparatory Charter District,2022-08-28T00:00:00.000,In Person,1,666,Los Angeles,CA,90023
601884,California Virtual Academy at Kings District,2022-08-28T00:00:00.000,In Person,1,407,Simi Valley,CA,93065
601885,Magnolia Science Academy 5 District,2022-08-28T00:00:00.000,In Person,1,281,Reseda,CA,91335
601896,Albert Einstein Academy Charter Middle District,2022-08-28T00:00:00.000,In Person,1,600,San Diego,CA,92102
601902,El Camino Real Charter High District,2022-08-28T00:00:00.000,In Person,1,3523,Woodland Hills,CA,91367
601932,Latino College Preparatory Academy District,2022-08-28T00:00:00.000,In Person,1,433,San Jose,CA,95127
601940,Grossmont Secondary District,2022-08-28T00:00:00.000,In Person,1,317,El Cajon,CA,92020
601950,Alisal Union,2022-08-28T00:00:00.000,In Person,12,8524,Salinas,CA,93905
601963,Venture Academy District,2022-08-28T00:00:00.000,In Person,1,1541,Stockton,CA,95206
601970,Taylion High Desert Academy/Adelanto District,2022-08-28T00:00:00.000,In Person,1,170,Adelanto,CA,92301
601977,Knowledge Enlightens You (KEY) Academy District,2022-08-28T00:00:00.000,In Person,1,589,Hayward,CA,94541
601978,Stone Bridge District,2022-08-28T00:00:00.000,In Person,1,272,Napa,CA,94558
601980,Allensworth Elementary,2022-08-28T00:00:00.000,In Person,1,82,Allensworth,CA,93219
602002,Old Town Academy K-8 Charter District,2022-08-28T00:00:00.000,In Person,1,265,San Diego,CA,92110
602010,Alpaugh Unified,2022-08-28T00:00:00.000,In Person,3,336,Alpaugh,CA,93201
602026,Summit Public School: Tamalpais District,2022-08-28T00:00:00.000,In Person,1,446,Richmond,CA,94806
602035,Pacific Springs Charter District,2022-08-28T00:00:00.000,In Person,1,509,Chula Vista,CA,91913
602038,Luis Valdez Leadership Academy District,2022-08-28T00:00:00.000,In Person,1,346,San Jose,CA,95122
602045,STEM Preparatory Elementary District,2022-08-28T00:00:00.000,In Person,1,244,Los Angeles,CA,90007
602049,High Tech Elementary Mesa District,2022-08-28T00:00:00.000,In Person,1,212,San Diego,CA,92111
602056,KIPP Philosophers Academy District,2022-08-28T00:00:00.000,In Person,1,238,Los Angeles,CA,90001
602072,Alder Grove Charter School 2 District,2022-08-28T00:00:00.000,In Person,1,449,Eureka,CA,95501
602089,River Springs Charter District,2022-08-28T00:00:00.000,In Person,1,6670,Temecula,CA,92590
602108,San Diego Workforce Innovation High District,2022-08-28T00:00:00.000,In Person,1,2518,National City,CA,91950
602116,Bert Corona Charter High District,2022-08-28T00:00:00.000,In Person,1,191,Pacoima,CA,91331
602129,Greater San Diego Academy District,2022-08-28T00:00:00.000,In Person,1,167,Jamul,CA,91935
602131,Central City Value District,2022-08-28T00:00:00.000,In Person,1,471,Los Angeles,CA,90004
602143,Gabriella Charter District,2022-08-28T00:00:00.000,In Person,1,459,Los Angeles,CA,90026
602160,Alta Loma Elementary,2022-08-28T00:00:00.000,In Person,10,6059,Alta Loma,CA,91701
602170,Connecting Waters Charter District,2022-08-28T00:00:00.000,In Person,1,1414,Waterford,CA,95386
602177,Blue Oak Charter District,2022-08-28T00:00:00.000,In Person,1,319,Chico,CA,95926
602179,The Academy of Alameda Elementary District,2022-08-28T00:00:00.000,In Person,1,298,Alameda,CA,94501
602180,School of Arts and Enterprise District,2022-08-28T00:00:00.000,In Person,1,757,Pomona,CA,91767
602206,Granada Hills Charter District,2022-08-28T00:00:00.000,In Person,1,5124,Granada Hills,CA,91344
602209,Mojave River Academy - Oro Grande District,2022-08-28T00:00:00.000,In Person,1,664,Victorville,CA,92392
602214,Pivot Charter School Riverside District,2022-08-28T00:00:00.000,In Person,1,130,Corona,CA,92880
602250,Alta-Dutch Flat Union Elementary,2022-08-28T00:00:00.000,In Person,1,100,Alta,CA,95701
602261,John Adams Academy - Roseville District,2022-08-28T00:00:00.000,In Person,1,1485,Roseville,CA,95678
602276,KIPP Bridge Academy District,2022-08-28T00:00:00.000,In Person,1,540,Oakland,CA,94607
602284,OCSA District,2022-08-28T00:00:00.000,In Person,1,2204,Santa Ana,CA,92701
602287,Summit Preparatory Charter High District,2022-08-28T00:00:00.000,In Person,1,442,Redwood City,CA,94063
602298,Sparrow Academy District,2022-08-28T00:00:00.000,In Person,1,263,La Mesa,CA,91941
602310,Alum Rock Union Elementary,2022-08-28T00:00:00.000,In Person,24,9118,San Jose,CA,95127
602312,Rocklin Academy District,2022-08-28T00:00:00.000,In Person,1,370,Rocklin,CA,95765
602341,High Tech High Mesa District,2022-08-28T00:00:00.000,In Person,1,229,San Diego,CA,92111
602345,Ednovate - USC Hybrid High College Prep District,2022-08-28T00:00:00.000,In Person,1,509,Los Angeles,CA,90071
602350,e3 Civic High District,2022-08-28T00:00:00.000,In Person,1,410,San Diego,CA,92101
602355,Prepa Tec Los Angeles High District,2022-08-28T00:00:00.000,In Person,1,340,Bell,CA,90201
602357,Connect Community Charter District,2022-08-28T00:00:00.000,In Person,1,215,Redwood City,CA,94063
602360,Alview-Dairyland Union Elementary,2022-08-28T00:00:00.000,In Person,2,385,Chowchilla,CA,93610
602362,Alliance Patti & Peter Neuwirth Leadership Academy District,2022-08-28T00:00:00.000,In Person,1,570,Los Angeles,CA,90037
602370,Alvina Elementary,2022-08-28T00:00:00.000,In Person,1,198,Caruthers,CA,93609
602385,Redding School of the Arts District,2022-08-28T00:00:00.000,In Person,1,598,Redding,CA,96003
602386,Diego Valley East Public Charter District,2022-08-28T00:00:00.000,In Person,1,347,El Cajon,CA,92021
602406,Connecting Waters Charter School - Central Valley District,2022-08-28T00:00:00.000,In Person,1,444,Modesto,CA,95350
602425,Equitas Academy Charter District,2022-08-28T00:00:00.000,In Person,1,474,Los Angeles,CA,90015
602426,Gateway High District,2022-08-28T00:00:00.000,In Person,1,485,San Francisco,CA,94115
602429,High Tech Elementary District,2022-08-28T00:00:00.000,In Person,1,419,San Diego,CA,92106
602430,Alvord Unified,2022-08-28T00:00:00.000,In Person,26,18170,Corona,CA,92879
602437,Assurance Learning Academy District,2022-08-28T00:00:00.000,In Person,1,3056,Lancaster,CA,93535
602439,The New School of San Francisco District,2022-08-28T00:00:00.000,In Person,1,288,San Francisco,CA,94107
602442,Highlands Community Charter District,2022-08-28T00:00:00.000,In Person,1,3336,Sacramento,CA,95838
602450,Amador County Unified,2022-08-28T00:00:00.000,In Person,12,3958,Jackson,CA,95642
602460,Yosemite Valley Charter District,2022-08-28T00:00:00.000,In Person,1,2188,Fresno,CA,93726
602477,Sebastopol Independent Charter District,2022-08-28T00:00:00.000,In Person,1,294,Sebastopol,CA,95472
602482,iLEAD Hybrid District,2022-08-28T00:00:00.000,In Person,1,3450,Acton,CA,93510
602517,California Connections Academy Monterey Bay District,2022-08-28T00:00:00.000,In Person,1,272,Scotts Valley,CA,95066
602610,Anaheim Elementary,2022-08-28T00:00:00.000,In Person,24,16374,Anaheim,CA,92805
602630,Anaheim Union High,2022-08-28T00:00:00.000,In Person,20,29832,Anaheim,CA,92803
602700,Anderson Union High,2022-08-28T00:00:00.000,In Person,6,1668,Anderson,CA,96007
602730,Anderson Valley Unified,2022-08-28T00:00:00.000,In Person,3,449,Boonville,CA,95415
602760,Antelope Elementary,2022-08-28T00:00:00.000,In Person,4,854,Red Bluff,CA,96080
602820,Antelope Valley Union High,2022-08-28T00:00:00.000,In Person,13,21756,Lancaster,CA,93534
602850,Antioch Unified,2022-08-28T00:00:00.000,In Person,24,16293,Antioch,CA,94509
602970,Arcadia Unified,2022-08-28T00:00:00.000,In Person,11,9254,Arcadia,CA,91006
603090,Arena Union Elementary,2022-08-28T00:00:00.000,In Person,1,232,Point Arena,CA,95468
603270,Arvin Union,2022-08-28T00:00:00.000,In Person,4,3086,Arvin,CA,93203
603300,Atascadero Unified,2022-08-28T00:00:00.000,In Person,12,4638,Atascadero,CA,93422
603420,Atwater Elementary,2022-08-28T00:00:00.000,In Person,10,4978,Atwater,CA,95301
603600,Azusa Unified,2022-08-28T00:00:00.000,In Person,16,7729,Azusa,CA,91702
603630,Bakersfield City,2022-08-28T00:00:00.000,In Person,45,30793,Bakersfield,CA,93305
603690,Baldwin Park Unified,2022-08-28T00:00:00.000,In Person,20,12110,Baldwin Park,CA,91706
603720,Ballard Elementary,2022-08-28T00:00:00.000,In Person,1,143,Solvang,CA,93463
603780,Bangor Union Elementary,2022-08-28T00:00:00.000,In Person,1,103,Bangor,CA,95914
603840,Banning Unified,2022-08-28T00:00:00.000,In Person,11,4583,Banning,CA,92220
604020,Barstow Unified,2022-08-28T00:00:00.000,In Person,13,6435,Barstow,CA,92311
604080,Bass Lake Joint Union Elementary,2022-08-28T00:00:00.000,In Person,4,891,Oakhurst,CA,93644
604110,Bassett Unified,2022-08-28T00:00:00.000,In Person,7,3406,La Puente,CA,91746
604200,Bayshore Elementary,2022-08-28T00:00:00.000,In Person,1,381,Daly City,CA,94014
604230,Bear Valley Unified,2022-08-28T00:00:00.000,In Person,7,2387,Big Bear Lake,CA,92315
604260,Beardsley Elementary,2022-08-28T00:00:00.000,In Person,4,2010,Bakersfield,CA,93308
604290,Beaumont Unified,2022-08-28T00:00:00.000,In Person,13,10769,Beaumont,CA,92223
604350,Bella Vista Elementary,2022-08-28T00:00:00.000,In Person,1,356,Bella Vista,CA,96008
604380,Bellevue Union,2022-08-28T00:00:00.000,In Person,4,1599,Santa Rosa,CA,95407
604440,Bellflower Unified,2022-08-28T00:00:00.000,In Person,15,11405,Bellflower,CA,90706
604500,Belleview Elementary,2022-08-28T00:00:00.000,In Person,2,177,Sonora,CA,95370
604530,Belmont-Redwood Shores Elementary,2022-08-28T00:00:00.000,In Person,7,4314,Belmont,CA,94002
604620,Benicia Unified,2022-08-28T00:00:00.000,In Person,8,4642,Benicia,CA,94510
604740,Berkeley Unified,2022-08-28T00:00:00.000,In Person,17,9844,Berkeley,CA,94702
604800,Berryessa Union Elementary,2022-08-28T00:00:00.000,In Person,14,6842,San Jose,CA,95132
604830,Beverly Hills Unified,2022-08-28T00:00:00.000,In Person,6,3572,Beverly Hills,CA,90212
605220,Black Butte Union Elementary,2022-08-28T00:00:00.000,In Person,2,227,Shingletown,CA,96088
605240,Black Oak Mine Unified,2022-08-28T00:00:00.000,In Person,6,1286,Georgetown,CA,95634
605250,Blake Elementary,2022-08-28T00:00:00.000,In Person,1,16,Woody,CA,93287
605400,Blue Lake Union Elementary,2022-08-28T00:00:00.000,In Person,1,164,Blue Lake,CA,95525
605580,Santa Maria-Bonita,2022-08-28T00:00:00.000,In Person,21,16959,Santa Maria,CA,93454
605610,Bonita Unified,2022-08-28T00:00:00.000,In Person,15,10039,San Dimas,CA,91773
605730,Bradley Union Elementary,2022-08-28T00:00:00.000,In Person,1,70,Bradley,CA,93426
605880,Brea-Olinda Unified,2022-08-28T00:00:00.000,In Person,10,6085,Brea,CA,92821
605910,Brentwood Union Elementary,2022-08-28T00:00:00.000,In Person,11,9290,Brentwood,CA,94513
605940,Bret Harte Union High,2022-08-28T00:00:00.000,In Person,2,642,Angels Camp,CA,95221
606000,Bridgeville Elementary,2022-08-28T00:00:00.000,In Person,1,44,Bridgeville,CA,95526
606270,Buckeye Union Elementary,2022-08-28T00:00:00.000,In Person,9,4664,El Dorado Hills,CA,95762
606360,Buena Park Elementary,2022-08-28T00:00:00.000,In Person,8,4464,Buena Park,CA,90620
606390,Panama-Buena Vista Union,2022-08-28T00:00:00.000,In Person,24,18714,Bakersfield,CA,93313
606420,Buena Vista Elementary,2022-08-28T00:00:00.000,In Person,1,208,Tulare,CA,93274
606450,Burbank Unified,2022-08-28T00:00:00.000,In Person,21,15182,Burbank,CA,91506
606480,Burlingame Elementary,2022-08-28T00:00:00.000,In Person,8,3534,Burlingame,CA,94010
606570,Burton Elementary,2022-08-28T00:00:00.000,In Person,7,4751,Porterville,CA,93257
606580,Butte Valley Unified,2022-08-28T00:00:00.000,In Person,4,287,Dorris,CA,96023
606690,Butteville Union Elementary,2022-08-28T00:00:00.000,In Person,1,182,Weed,CA,96094
606780,Cabrillo Unified,2022-08-28T00:00:00.000,In Person,7,3136,Half Moon Bay,CA,94019
606810,Cajon Valley Union,2022-08-28T00:00:00.000,In Person,28,16419,El Cajon,CA,92020
606870,Calaveras Unified,2022-08-28T00:00:00.000,In Person,9,2875,San Andreas,CA,95249
606900,Calexico Unified,2022-08-28T00:00:00.000,In Person,12,8972,Calexico,CA,92231
607140,Cambrian,2022-08-28T00:00:00.000,In Person,6,3366,San Jose,CA,95124
607200,Campbell Union,2022-08-28T00:00:00.000,In Person,13,6974,Campbell,CA,95008
607230,Campbell Union High,2022-08-28T00:00:00.000,In Person,6,8465,San Jose,CA,95124
607410,Capay Joint Union Elementary,2022-08-28T00:00:00.000,In Person,1,191,Orland,CA,95963
607440,Capistrano Unified,2022-08-28T00:00:00.000,In Person,59,46501,San Juan Capistrano,CA,92675
607470,Cardiff Elementary,2022-08-28T00:00:00.000,In Person,2,655,Cardiff-by-the-Sea,CA,92007
607500,Carlsbad Unified,2022-08-28T00:00:00.000,In Person,16,11481,Carlsbad,CA,92009
607530,Carmel Unified,2022-08-28T00:00:00.000,In Person,8,2483,Carmel,CA,93922
607800,Castro Valley Unified,2022-08-28T00:00:00.000,In Person,16,9321,Castro Valley,CA,94546
607900,Center Joint Unified,2022-08-28T00:00:00.000,In Person,7,4258,Antelope,CA,95843
607920,Centinela Valley Union High,2022-08-28T00:00:00.000,In Person,5,6324,Lawndale,CA,90260
607950,Central Elementary,2022-08-28T00:00:00.000,In Person,7,4449,Rancho Cucamonga,CA,91730
607970,Central Unified,2022-08-28T00:00:00.000,In Person,23,15841,Fresno,CA,93722
607980,Central Union Elementary,2022-08-28T00:00:00.000,In Person,4,1875,Lemoore,CA,93245
608010,Central Union High,2022-08-28T00:00:00.000,In Person,4,4162,El Centro,CA,92243
608070,Centralia Elementary,2022-08-28T00:00:00.000,In Person,8,4218,Buena Park,CA,90620
608130,Ceres Unified,2022-08-28T00:00:00.000,In Person,24,14522,Ceres,CA,95307
608160,Chaffey Joint Union High,2022-08-28T00:00:00.000,In Person,11,23724,Ontario,CA,91762
608190,Charter Oak Unified,2022-08-28T00:00:00.000,In Person,10,4540,Covina,CA,91724
608340,Chicago Park Elementary,2022-08-28T00:00:00.000,In Person,2,170,Grass Valley,CA,95945
608370,Chico Unified,2022-08-28T00:00:00.000,In Person,22,12362,Chico,CA,95928
608460,Chino Valley Unified,2022-08-28T00:00:00.000,In Person,34,27511,Chino,CA,91710
608550,Chowchilla Union High,2022-08-28T00:00:00.000,In Person,2,1103,Chowchilla,CA,93610
608580,Chualar Union,2022-08-28T00:00:00.000,In Person,1,298,Chualar,CA,93925
608610,Chula Vista Elementary,2022-08-28T00:00:00.000,In Person,42,23116,Chula Vista,CA,91910
608760,Claremont Unified,2022-08-28T00:00:00.000,In Person,12,6868,Claremont,CA,91711
608970,Cloverdale Unified,2022-08-28T00:00:00.000,In Person,6,1383,Cloverdale,CA,95425
609030,Clovis Unified,2022-08-28T00:00:00.000,In Person,49,43654,Clovis,CA,93611
609070,Coachella Valley Unified,2022-08-28T00:00:00.000,In Person,22,17657,Thermal,CA,92274
609120,Coalinga-Huron Unified,2022-08-28T00:00:00.000,In Person,11,4510,Coalinga,CA,93210
609390,Colton Joint Unified,2022-08-28T00:00:00.000,In Person,28,21469,Colton,CA,92324
609450,Columbia Elementary,2022-08-28T00:00:00.000,In Person,3,767,Redding,CA,96003
609480,Columbia Union,2022-08-28T00:00:00.000,In Person,1,467,Columbia,CA,95310
609510,Columbine Elementary,2022-08-28T00:00:00.000,In Person,1,194,Delano,CA,93215
609570,Colusa Unified,2022-08-28T00:00:00.000,In Person,5,1526,Colusa,CA,95932
609620,Compton Unified,2022-08-28T00:00:00.000,In Person,37,20400,Compton,CA,90221
609640,Conejo Valley Unified,2022-08-28T00:00:00.000,In Person,27,18345,Thousand Oaks,CA,91362
609690,Corcoran Joint Unified,2022-08-28T00:00:00.000,In Person,8,3303,Corcoran,CA,93212
609850,Corona-Norco Unified,2022-08-28T00:00:00.000,In Person,53,52557,Norco,CA,92860
609870,Coronado Unified,2022-08-28T00:00:00.000,In Person,5,3063,Coronado,CA,92118
609940,Cotati-Rohnert Park Unified,2022-08-28T00:00:00.000,In Person,13,5675,Rohnert Park,CA,94928
610050,Covina-Valley Unified,2022-08-28T00:00:00.000,In Person,18,11660,Covina,CA,91723
610260,Culver City Unified,2022-08-28T00:00:00.000,In Person,9,7106,Culver City,CA,90232
610290,Cupertino Union,2022-08-28T00:00:00.000,In Person,25,16718,Sunnyvale,CA,94087
610350,Cutler-Orosi Joint Unified,2022-08-28T00:00:00.000,In Person,8,4123,Orosi,CA,93647
610380,Cutten Elementary,2022-08-28T00:00:00.000,In Person,2,639,Eureka,CA,95503
610440,Cypress Elementary,2022-08-28T00:00:00.000,In Person,6,3813,Cypress,CA,90630
610620,Davis Joint Unified,2022-08-28T00:00:00.000,In Person,17,8546,Davis,CA,95616
610740,Del Mar Union Elementary,2022-08-28T00:00:00.000,In Person,8,4132,San Diego,CA,92130
610770,Del Norte County Unified,2022-08-28T00:00:00.000,In Person,11,3706,Crescent City,CA,95531
610860,Delano Joint Union High,2022-08-28T00:00:00.000,In Person,4,4263,Delano,CA,93215
610890,Delano Union Elementary,2022-08-28T00:00:00.000,In Person,12,6687,Delano,CA,93215
611040,Denair Unified,2022-08-28T00:00:00.000,In Person,5,1315,Denair,CA,95316
611100,Desert Center Unified,2022-08-28T00:00:00.000,In Person,1,28,Desert Center,CA,92239
611110,Desert Sands Unified,2022-08-28T00:00:00.000,In Person,34,27963,La Quinta,CA,92253
611220,Miller Creek Elementary,2022-08-28T00:00:00.000,In Person,4,2024,San Rafael,CA,94903
611280,Dixon Unified,2022-08-28T00:00:00.000,In Person,7,3081,Dixon,CA,95620
611460,Downey Unified,2022-08-28T00:00:00.000,In Person,21,22101,Downey,CA,90241
611490,Dry Creek Joint Elementary,2022-08-28T00:00:00.000,In Person,10,6681,Roseville,CA,95747
611520,Duarte Unified,2022-08-28T00:00:00.000,In Person,7,3433,Duarte,CA,91010
611670,Dunsmuir Elementary,2022-08-28T00:00:00.000,In Person,1,93,Dunsmuir,CA,96025
611760,Earlimart Elementary,2022-08-28T00:00:00.000,In Person,4,1614,Earlimart,CA,93219
611780,East Nicolaus Joint Union High,2022-08-28T00:00:00.000,In Person,1,312,Nicolaus,CA,95659
611820,East Side Union High,2022-08-28T00:00:00.000,In Person,16,22576,San Jose,CA,95133
611850,East Whittier City Elementary,2022-08-28T00:00:00.000,In Person,13,8471,Whittier,CA,90605
611910,Eastside Union Elementary,2022-08-28T00:00:00.000,In Person,6,3329,Lancaster,CA,93535
612030,El Centro Elementary,2022-08-28T00:00:00.000,In Person,13,5339,El Centro,CA,92243
612070,El Dorado Union High,2022-08-28T00:00:00.000,In Person,6,6814,Placerville,CA,95667
612090,El Monte City,2022-08-28T00:00:00.000,In Person,15,7921,El Monte,CA,91731
612120,El Monte Union High,2022-08-28T00:00:00.000,In Person,7,8299,El Monte,CA,91731
612150,El Nido Elementary,2022-08-28T00:00:00.000,In Person,2,158,El Nido,CA,95317
612180,El Rancho Unified,2022-08-28T00:00:00.000,In Person,15,8228,Pico Rivera,CA,90660
612210,El Segundo Unified,2022-08-28T00:00:00.000,In Person,5,3502,El Segundo,CA,90245
612330,Elk Grove Unified,2022-08-28T00:00:00.000,In Person,66,63660,Elk Grove,CA,95624
612600,Elverta Joint Elementary,2022-08-28T00:00:00.000,In Person,3,312,Elverta,CA,95626
612690,Empire Union Elementary,2022-08-28T00:00:00.000,In Person,6,2996,Modesto,CA,95357
612750,Encinitas Union Elementary,2022-08-28T00:00:00.000,In Person,9,5342,Encinitas,CA,92024
612810,Enterprise Elementary,2022-08-28T00:00:00.000,In Person,9,3846,Redding,CA,96002
612840,Escalon Unified,2022-08-28T00:00:00.000,In Person,7,2704,Escalon,CA,95320
612880,Escondido Union,2022-08-28T00:00:00.000,In Person,23,14996,Escondido,CA,92029
612910,Escondido Union High,2022-08-28T00:00:00.000,In Person,5,7274,Escondido,CA,92027
612960,Etiwanda Elementary,2022-08-28T00:00:00.000,In Person,18,14020,Etiwanda,CA,91739
613080,Eureka Union,2022-08-28T00:00:00.000,In Person,7,3345,Granite Bay,CA,95746
613140,Evergreen Elementary,2022-08-28T00:00:00.000,In Person,18,10426,San Jose,CA,95148
613170,Evergreen Union,2022-08-28T00:00:00.000,In Person,6,1237,Cottonwood,CA,96022
613360,Fairfield-Suisun Unified,2022-08-28T00:00:00.000,In Person,30,21287,Fairfield,CA,94534
613500,Fallbrook Union Elementary,2022-08-28T00:00:00.000,In Person,11,5278,Fallbrook,CA,92028
613740,Fieldbrook Elementary,2022-08-28T00:00:00.000,In Person,1,124,McKinleyville,CA,95519
613800,Fillmore Unified,2022-08-28T00:00:00.000,In Person,9,3734,Fillmore,CA,93016
613840,Firebaugh-Las Deltas Unified,2022-08-28T00:00:00.000,In Person,6,2237,Firebaugh,CA,93622
613860,Flournoy Union Elementary,2022-08-28T00:00:00.000,In Person,1,30,Flournoy,CA,96029
613890,Folsom-Cordova Unified,2022-08-28T00:00:00.000,In Person,34,20602,Rancho Cordova,CA,95742
613920,Fontana Unified,2022-08-28T00:00:00.000,In Person,44,36160,Fontana,CA,92335
613980,Foresthill Union Elementary,2022-08-28T00:00:00.000,In Person,1,417,Foresthill,CA,95631
614220,Fountain Valley Elementary,2022-08-28T00:00:00.000,In Person,10,6320,Fountain Valley,CA,92708
614250,Fowler Unified,2022-08-28T00:00:00.000,In Person,9,2589,Fowler,CA,93625
614370,Franklin-McKinley Elementary,2022-08-28T00:00:00.000,In Person,16,6872,San Jose,CA,95112
614400,Fremont Unified,2022-08-28T00:00:00.000,In Person,43,35431,Fremont,CA,94538
614430,Fremont Union High,2022-08-28T00:00:00.000,In Person,6,11071,Sunnyvale,CA,94087
614490,French Gulch-Whiskeytown Elementary,2022-08-28T00:00:00.000,In Person,1,25,French Gulch,CA,96033
614520,Freshwater Elementary,2022-08-28T00:00:00.000,In Person,2,348,Eureka,CA,95503
614550,Fresno Unified,2022-08-28T00:00:00.000,In Person,100,71265,Fresno,CA,93721
614700,Fruitvale Elementary,2022-08-28T00:00:00.000,In Person,5,3232,Bakersfield,CA,93308
614730,Fullerton Elementary,2022-08-28T00:00:00.000,In Person,20,12852,Fullerton,CA,92833
614760,Fullerton Joint Union High,2022-08-28T00:00:00.000,In Person,8,13630,Fullerton,CA,92833
614790,Galt Joint Union Elementary,2022-08-28T00:00:00.000,In Person,6,3546,Galt,CA,95632
614820,Galt Joint Union High,2022-08-28T00:00:00.000,In Person,3,2213,Galt,CA,95632
614880,Garden Grove Unified,2022-08-28T00:00:00.000,In Person,66,41423,Garden Grove,CA,92840
614910,Garfield Elementary,2022-08-28T00:00:00.000,In Person,1,66,Eureka,CA,95503
614940,Garvey Elementary,2022-08-28T00:00:00.000,In Person,11,4470,Rosemead,CA,91770
614950,Gateway Unified,2022-08-28T00:00:00.000,In Person,8,2262,Redding,CA,96003
615180,Gilroy Unified,2022-08-28T00:00:00.000,In Person,15,11135,Gilroy,CA,95020
615240,Glendale Unified,2022-08-28T00:00:00.000,In Person,34,25528,Glendale,CA,91206
615270,Glendora Unified,2022-08-28T00:00:00.000,In Person,10,7116,Glendora,CA,91741
615450,Gold Trail Union Elementary,2022-08-28T00:00:00.000,In Person,2,652,Placerville,CA,95667
615510,Goleta Union Elementary,2022-08-28T00:00:00.000,In Person,10,3619,Goleta,CA,93117
615600,Gorman Joint,2022-08-28T00:00:00.000,In Person,1,74,Gorman,CA,93243
615780,Grass Valley Elementary,2022-08-28T00:00:00.000,In Person,5,1789,Grass Valley,CA,95945
615810,Gratton Elementary,2022-08-28T00:00:00.000,In Person,2,152,Denair,CA,95316
615840,Gravenstein Union Elementary,2022-08-28T00:00:00.000,In Person,4,770,Sebastopol,CA,95472
615870,Graves Elementary,2022-08-28T00:00:00.000,In Person,1,42,Salinas,CA,93908
616050,Greenfield Union,2022-08-28T00:00:00.000,In Person,12,9643,Bakersfield,CA,93307
616080,Greenfield Union Elementary,2022-08-28T00:00:00.000,In Person,5,3550,Greenfield,CA,93927
616110,Grenada Elementary,2022-08-28T00:00:00.000,In Person,1,217,Grenada,CA,96038
616230,Grossmont Union High,2022-08-28T00:00:00.000,In Person,15,16789,El Cajon,CA,92020
616325,Hacienda la Puente Unified,2022-08-28T00:00:00.000,In Person,36,17826,City Of Industry,CA,91745
616470,Hanford Elementary,2022-08-28T00:00:00.000,In Person,12,5928,Hanford,CA,93230
616500,Hanford Joint Union High,2022-08-28T00:00:00.000,In Person,6,4016,Hanford,CA,93230
616620,Harmony Union Elementary,2022-08-28T00:00:00.000,In Person,2,227,Occidental,CA,95465
616680,Hawthorne,2022-08-28T00:00:00.000,In Person,11,7924,Hawthorne,CA,90250
616740,Hayward Unified,2022-08-28T00:00:00.000,In Person,32,19802,Hayward,CA,94544
616860,Helendale Elementary,2022-08-28T00:00:00.000,In Person,4,1113,Helendale,CA,92342
616920,Hemet Unified,2022-08-28T00:00:00.000,In Person,27,22303,Hemet,CA,92545
617220,Hilmar Unified,2022-08-28T00:00:00.000,In Person,6,2429,Hilmar,CA,95324
617340,Hollister,2022-08-28T00:00:00.000,In Person,10,5612,Hollister,CA,95023
617490,Hope Elementary,2022-08-28T00:00:00.000,In Person,3,932,Santa Barbara,CA,93110
617520,Hope Elementary,2022-08-28T00:00:00.000,In Person,1,233,Porterville,CA,93257
617640,Hot Springs Elementary,2022-08-28T00:00:00.000,In Person,1,24,California Hot Springs,CA,93207
617760,Howell Mountain Elementary,2022-08-28T00:00:00.000,In Person,1,99,Angwin,CA,94508
617850,Hueneme Elementary,2022-08-28T00:00:00.000,In Person,11,7946,Port Hueneme,CA,93041
617880,Hughes-Elizabeth Lakes Union Elementary,2022-08-28T00:00:00.000,In Person,1,179,Lake Hughes,CA,93532
618030,Huntington Beach City Elementary,2022-08-28T00:00:00.000,In Person,8,6456,Huntington Beach,CA,92646
618060,Huntington Beach Union High,2022-08-28T00:00:00.000,In Person,8,15894,Huntington Beach,CA,92649
618120,Hydesville Elementary,2022-08-28T00:00:00.000,In Person,1,198,Hydesville,CA,95547
618210,Imperial Unified,2022-08-28T00:00:00.000,In Person,6,4337,Imperial,CA,92251
618390,Inglewood Unified,2022-08-28T00:00:00.000,In Person,17,8404,Inglewood,CA,90301
618660,Jacoby Creek Elementary,2022-08-28T00:00:00.000,In Person,1,467,Bayside,CA,95524
618730,Jamul-Dulzura Union Elementary,2022-08-28T00:00:00.000,In Person,2,576,Jamul,CA,91935
618840,Jefferson Elementary,2022-08-28T00:00:00.000,In Person,4,2287,Tracy,CA,95377
618870,Jefferson Elementary,2022-08-28T00:00:00.000,In Person,14,5862,Daly City,CA,94015
618930,Jefferson Union High,2022-08-28T00:00:00.000,In Person,5,4342,Daly City,CA,94015
618990,John Swett Unified,2022-08-28T00:00:00.000,In Person,4,1422,Rodeo,CA,94572
619200,Junction Elementary,2022-08-28T00:00:00.000,In Person,1,330,Palo Cedro,CA,96073
619260,Jurupa Unified,2022-08-28T00:00:00.000,In Person,25,19089,Jurupa Valley,CA,92509
619320,Kelseyville Unified,2022-08-28T00:00:00.000,In Person,7,1741,Kelseyville,CA,95451
619380,Kentfield Elementary,2022-08-28T00:00:00.000,In Person,2,1189,Kentfield,CA,94904
619410,Kenwood,2022-08-28T00:00:00.000,In Person,1,141,Kenwood,CA,95452
619440,Keppel Union Elementary,2022-08-28T00:00:00.000,In Person,7,2651,Pearblossom,CA,93553
619490,Kerman Unified,2022-08-28T00:00:00.000,In Person,7,5281,Kerman,CA,93630
619540,Kern High,2022-08-28T00:00:00.000,In Person,24,41451,Bakersfield,CA,93309
619650,South Monterey County Joint Union High,2022-08-28T00:00:00.000,In Person,4,2581,King City,CA,93930
619680,King City Union,2022-08-28T00:00:00.000,In Person,6,2671,King City,CA,93930
619700,Kings Canyon Joint Unified,2022-08-28T00:00:00.000,In Person,23,9834,Reedley,CA,93654
619770,Kings River-Hardwick Union Elementary,2022-08-28T00:00:00.000,In Person,1,840,Hanford,CA,93230
619800,Kingsburg Elementary Charter,2022-08-28T00:00:00.000,In Person,7,2150,Kingsburg,CA,93631
620040,Knightsen Elementary,2022-08-28T00:00:00.000,In Person,2,605,Knightsen,CA,94548
620070,Konocti Unified,2022-08-28T00:00:00.000,In Person,11,3716,Lower Lake,CA,95457
620130,La Canada Unified,2022-08-28T00:00:00.000,In Person,4,4131,La Canada,CA,91011
620190,La Habra City Elementary,2022-08-28T00:00:00.000,In Person,9,4666,La Habra,CA,90631
620250,La Mesa-Spring Valley,2022-08-28T00:00:00.000,In Person,23,11798,La Mesa,CA,91942
620310,Lafayette Elementary,2022-08-28T00:00:00.000,In Person,5,3537,Lafayette,CA,94549
620370,Laguna Beach Unified,2022-08-28T00:00:00.000,In Person,4,2788,Laguna Beach,CA,92651
620460,Pacifica,2022-08-28T00:00:00.000,In Person,8,3110,Pacifica,CA,94044
620490,Lagunita Elementary,2022-08-28T00:00:00.000,In Person,1,91,Salinas,CA,93907
620640,Lake Tahoe Unified,2022-08-28T00:00:00.000,In Person,8,3905,South Lake Tahoe,CA,96150
620700,Lakeside Joint,2022-08-28T00:00:00.000,In Person,1,74,Los Gatos,CA,95033
620790,Lakeside Union Elementary,2022-08-28T00:00:00.000,In Person,11,4988,Lakeside,CA,92040
620880,Lancaster Elementary,2022-08-28T00:00:00.000,In Person,22,14332,Lancaster,CA,93534
620910,Larkspur-Corte Madera,2022-08-28T00:00:00.000,In Person,3,1533,Larkspur,CA,94939
621000,Las Virgenes Unified,2022-08-28T00:00:00.000,In Person,16,10886,Calabasas,CA,91302
621150,Laton Joint Unified,2022-08-28T00:00:00.000,In Person,4,661,Laton,CA,93242
621180,Latrobe,2022-08-28T00:00:00.000,In Person,2,147,Shingle Springs,CA,95682
621210,Lawndale Elementary,2022-08-28T00:00:00.000,In Person,9,5172,Lawndale,CA,90260
621330,Lemon Grove,2022-08-28T00:00:00.000,In Person,6,3421,Lemon Grove,CA,91945
621360,Lemoore Union Elementary,2022-08-28T00:00:00.000,In Person,7,3382,Lemoore,CA,93245
621400,Lemoore Union High,2022-08-28T00:00:00.000,In Person,2,1983,Lemoore,CA,93245
621420,Lennox,2022-08-28T00:00:00.000,In Person,8,4944,Lennox,CA,90304
621450,Richland Union Elementary,2022-08-28T00:00:00.000,In Person,4,2851,Shafter,CA,93263
621480,Lewiston Elementary,2022-08-28T00:00:00.000,In Person,1,61,Lewiston,CA,96052
621540,Liberty Elementary,2022-08-28T00:00:00.000,In Person,3,208,Petaluma,CA,94952
621690,Lincoln Unified,2022-08-28T00:00:00.000,In Person,14,9389,Stockton,CA,95207
621810,Linden Unified,2022-08-28T00:00:00.000,In Person,6,2350,Linden,CA,95236
621870,Lindsay Unified,2022-08-28T00:00:00.000,In Person,11,4085,Lindsay,CA,93247
621900,Linns Valley-Poso Flat Union,2022-08-28T00:00:00.000,In Person,1,17,Glennville,CA,93226
621930,Little Lake City Elementary,2022-08-28T00:00:00.000,In Person,9,4369,Santa Fe Springs,CA,90670
622050,Live Oak Unified,2022-08-28T00:00:00.000,In Person,6,1887,Live Oak,CA,95953
622110,Livermore Valley Joint Unified,2022-08-28T00:00:00.000,In Person,18,13722,Livermore,CA,94551
622170,Livingston Union,2022-08-28T00:00:00.000,In Person,5,2494,Livingston,CA,95334
622230,Lodi Unified,2022-08-28T00:00:00.000,In Person,49,28626,Lodi,CA,95240
622350,Loma Prieta Joint Union Elementary,2022-08-28T00:00:00.000,In Person,2,493,Los Gatos,CA,95033
622380,Las Lomitas Elementary,2022-08-28T00:00:00.000,In Person,2,1208,Menlo Park,CA,94025
622410,Lompoc Unified,2022-08-28T00:00:00.000,In Person,16,9631,Lompoc,CA,93436
622440,Lone Pine Unified,2022-08-28T00:00:00.000,In Person,2,329,Lone Pine,CA,93545
622500,Long Beach Unified,2022-08-28T00:00:00.000,In Person,84,71712,Long Beach,CA,90810
622560,Loomis Union Elementary,2022-08-28T00:00:00.000,In Person,7,3011,Loomis,CA,95650
622590,Los Alamitos Unified,2022-08-28T00:00:00.000,In Person,9,9697,Los Alamitos,CA,90720
622650,Los Altos Elementary,2022-08-28T00:00:00.000,In Person,11,3999,Los Altos,CA,94024
622710,Los Angeles Unified,2022-08-28T00:00:00.000,In Person,782,483234,Los Angeles,CA,90017
622740,Los Banos Unified,2022-08-28T00:00:00.000,In Person,17,11084,Los Banos,CA,93635
622800,Los Gatos-Saratoga Union High,2022-08-28T00:00:00.000,In Person,2,3542,Los Gatos,CA,95030
622830,Los Gatos Union Elementary,2022-08-28T00:00:00.000,In Person,5,2978,Los Gatos,CA,95032
622950,Lost Hills Union Elementary,2022-08-28T00:00:00.000,In Person,2,287,Lost Hills,CA,93249
623010,Lowell Joint,2022-08-28T00:00:00.000,In Person,6,3147,Whittier,CA,90603
623080,Lucia Mar Unified,2022-08-28T00:00:00.000,In Person,19,10265,Arroyo Grande,CA,93420
623160,Lynwood Unified,2022-08-28T00:00:00.000,In Person,19,13245,Lynwood,CA,90262
623340,Madera Unified,2022-08-28T00:00:00.000,In Person,28,20119,Madera,CA,93637
623430,Magnolia Elementary,2022-08-28T00:00:00.000,In Person,9,5678,Anaheim,CA,92804
623530,Mammoth Unified,2022-08-28T00:00:00.000,In Person,4,1189,Mammoth Lakes,CA,93546
623610,Manteca Unified,2022-08-28T00:00:00.000,In Person,29,23834,Manteca,CA,95337
623820,Maricopa Unified,2022-08-28T00:00:00.000,In Person,3,284,Maricopa,CA,93252
623940,Mariposa County Unified,2022-08-28T00:00:00.000,In Person,11,1683,Mariposa,CA,95338
624030,Martinez Unified,2022-08-28T00:00:00.000,In Person,9,4156,Martinez,CA,94553
624090,Marysville Joint Unified,2022-08-28T00:00:00.000,In Person,22,9969,Marysville,CA,95901
624180,McCabe Union Elementary,2022-08-28T00:00:00.000,In Person,1,1359,El Centro,CA,92243
624210,McCloud Union Elementary,2022-08-28T00:00:00.000,In Person,1,58,McCloud,CA,96057
624230,McFarland Unified,2022-08-28T00:00:00.000,In Person,7,3547,McFarland,CA,93250
624300,McKinleyville Union Elementary,2022-08-28T00:00:00.000,In Person,3,1097,McKinleyville,CA,95519
624360,McSwain Union Elementary,2022-08-28T00:00:00.000,In Person,1,859,Merced,CA,95341
624390,Meadows Union Elementary,2022-08-28T00:00:00.000,In Person,1,478,El Centro,CA,92243
624480,Mendocino Unified,2022-08-28T00:00:00.000,In Person,6,525,Mendocino,CA,95460
624500,Milpitas Unified,2022-08-28T00:00:00.000,In Person,14,10308,Milpitas,CA,95035
624540,Menifee Union Elementary,2022-08-28T00:00:00.000,In Person,15,10765,Menifee,CA,92586
624570,Menlo Park City Elementary,2022-08-28T00:00:00.000,In Person,4,2922,Atherton,CA,94027
624600,Merced City Elementary,2022-08-28T00:00:00.000,In Person,19,11079,Merced,CA,95340
624630,Merced River Union Elementary,2022-08-28T00:00:00.000,In Person,1,203,Winton,CA,95388
624660,Merced Union High,2022-08-28T00:00:00.000,In Person,9,10748,Atwater,CA,95301
624780,Midway Elementary,2022-08-28T00:00:00.000,In Person,1,88,Fellows,CA,93224
624870,Mill Valley Elementary,2022-08-28T00:00:00.000,In Person,6,2839,Mill Valley,CA,94941
624930,Millville Elementary,2022-08-28T00:00:00.000,In Person,1,270,Millville,CA,96062
625130,Modesto City Elementary,2022-08-28T00:00:00.000,In Person,26,14604,Modesto,CA,95351
625150,Modesto City High,2022-08-28T00:00:00.000,In Person,8,15160,Modesto,CA,95351
625230,Mojave Unified,2022-08-28T00:00:00.000,In Person,6,2822,Mojave,CA,93501
625290,Monroe Elementary,2022-08-28T00:00:00.000,In Person,1,165,Fresno,CA,93725
625320,Monrovia Unified,2022-08-28T00:00:00.000,In Person,11,5404,Monrovia,CA,91016
625350,Monson-Sultana Joint Union Elementary,2022-08-28T00:00:00.000,In Person,1,463,Dinuba,CA,93618
625470,Montebello Unified,2022-08-28T00:00:00.000,In Person,29,24371,Montebello,CA,90640
625530,Monterey Peninsula Unified,2022-08-28T00:00:00.000,In Person,23,9957,Monterey,CA,93940
625650,Montgomery Elementary,2022-08-28T00:00:00.000,In Person,1,21,Cazadero,CA,95421
625690,Moorpark Unified,2022-08-28T00:00:00.000,In Person,10,6121,Moorpark,CA,93021
625770,Moreland,2022-08-28T00:00:00.000,In Person,7,4683,San Jose,CA,95130
625800,Moreno Valley Unified,2022-08-28T00:00:00.000,In Person,40,32299,Moreno Valley,CA,92553
625830,Morgan Hill Unified,2022-08-28T00:00:00.000,In Person,13,8369,Morgan Hill,CA,95037
625860,Morongo Unified,2022-08-28T00:00:00.000,In Person,17,8481,Twentynine Palms,CA,92277
625980,Mother Lode Union Elementary,2022-08-28T00:00:00.000,In Person,2,1028,Placerville,CA,95667
626040,Mt. Shasta Union Elementary,2022-08-28T00:00:00.000,In Person,2,554,Mount Shasta,CA,96067
626070,Mountain Elementary,2022-08-28T00:00:00.000,In Person,1,153,Soquel,CA,95073
626190,Mountain View Elementary,2022-08-28T00:00:00.000,In Person,12,6131,El Monte,CA,91732
626220,Mountain View Elementary,2022-08-28T00:00:00.000,In Person,4,2540,Ontario,CA,91761
626280,Mountain View Whisman,2022-08-28T00:00:00.000,In Person,12,5082,Mountain View,CA,94043
626310,Mountain View-Los Altos Union High,2022-08-28T00:00:00.000,In Person,3,4548,Mountain View,CA,94040
626370,Mt. Diablo Unified,2022-08-28T00:00:00.000,In Person,53,31037,Concord,CA,94519
626400,Mount Pleasant Elementary,2022-08-28T00:00:00.000,In Person,5,2110,San Jose,CA,95148
626430,Mulberry Elementary,2022-08-28T00:00:00.000,In Person,1,75,Brawley,CA,92227
626490,Muroc Joint Unified,2022-08-28T00:00:00.000,In Person,4,1780,North Edwards,CA,93523
626640,Napa Valley Unified,2022-08-28T00:00:00.000,In Person,27,17394,Napa,CA,94558
626670,National Elementary,2022-08-28T00:00:00.000,In Person,11,5046,National City,CA,91950
626880,Nevada Joint Union High,2022-08-28T00:00:00.000,In Person,5,2605,Grass Valley,CA,95945
626910,New Haven Unified,2022-08-28T00:00:00.000,In Person,13,11047,Union City,CA,94587
626970,New Hope Elementary,2022-08-28T00:00:00.000,In Person,1,185,Thornton,CA,95686
627060,Newark Unified,2022-08-28T00:00:00.000,In Person,13,5669,Newark,CA,94560
627180,Newhall,2022-08-28T00:00:00.000,In Person,10,6267,Valencia,CA,91355
627200,Newman-Crows Landing Unified,2022-08-28T00:00:00.000,In Person,9,3210,Newman,CA,95360
627240,Newport-Mesa Unified,2022-08-28T00:00:00.000,In Person,32,20173,Costa Mesa,CA,92626
627300,Nicasio,2022-08-28T00:00:00.000,In Person,1,38,Nicasio,CA,94946
627450,Norris Elementary,2022-08-28T00:00:00.000,In Person,5,4261,Bakersfield,CA,93312
627480,North County Joint Union Elementary,2022-08-28T00:00:00.000,In Person,1,744,Hollister,CA,95023
627590,North Monterey County Unified,2022-08-28T00:00:00.000,In Person,8,4594,Moss Landing,CA,95039
627690,Norwalk-La Mirada Unified,2022-08-28T00:00:00.000,In Person,28,16930,Norwalk,CA,90650
627720,Novato Unified,2022-08-28T00:00:00.000,In Person,15,7558,Novato,CA,94945
627780,Nuview Union,2022-08-28T00:00:00.000,In Person,4,2200,Nuevo,CA,92567
627810,Oak Grove Elementary,2022-08-28T00:00:00.000,In Person,17,9757,San Jose,CA,95119
627840,Oak Grove Union Elementary,2022-08-28T00:00:00.000,In Person,2,878,Santa Rosa,CA,95401
627850,Oak Park Unified,2022-08-28T00:00:00.000,In Person,8,4527,Oak Park,CA,91377
628050,Oakland Unified,2022-08-28T00:00:00.000,In Person,85,36154,Oakland,CA,94607
628080,Oakley Union Elementary,2022-08-28T00:00:00.000,In Person,9,5194,Oakley,CA,94561
